bank_row_id,txn_date,narration,credit,debit,balance
bank_000054,2026-07-01,NEFT DR-VENDOR PAYMENT-INV5371,0.00,64424.81,4935575.19
bank_000001,2026-07-03,NEFT-RAZORPAY SOFTWARE PRIVATE LIMITED-FMLO542625763184-SETTLEMENT,95503.15,0.00,5031078.34
bank_000044,2026-07-04,NEFT CR-RFPV044578246768-CUSTOMER DIRECT TRANSFER,4045.00,0.00,5035123.34
bank_000046,2026-07-05,NEFT CR-MLHH147867597719-CUSTOMER DIRECT TRANSFER,934.99,0.00,5036058.33
bank_000002,2026-07-06,NEFT CR-RATN0000088-RAZORPAY SOFTWA,197509.42,0.00,5233567.75
bank_000003,2026-07-07,NEFT-RAZORPAY SOFTWARE PRIVATE LIMITED-OUGU741948274049-SETTLEMENT,264981.07,0.00,5498548.82
bank_000055,2026-07-07,NEFT DR-VENDOR PAYMENT-INV8947,0.00,79697.96,5418850.86
bank_000004,2026-07-08,NEFT-RAZORPAY SOFTWARE PRIVATE LIMITED-IAOS883703999671-SETTLEMENT,47839.01,0.00,5466689.87
bank_000005,2026-07-08,NEFT-RAZORPAY SOFTWARE PRIVATE LIMITED-OWMB793061219334-SETTLEMENT,132501.08,0.00,5599190.95
bank_000006,2026-07-08,IMPS/FJIQ393369487791/RAZORPAY SOFTWARE/PAYOUT,172017.94,0.00,5771208.89
bank_000007,2026-07-09,IMPS/GBMY877006028139/RAZORPAY SOFT,130409.70,0.00,5901618.59
bank_000056,2026-07-09,UPI/DR/7347/OFFICE SUPPLIES,0.00,4450.54,5897168.05
bank_000008,2026-07-10,IMPS/KMEB770745720802/RAZORPAY SOFTWARE/PAYOUT,44640.09,0.00,5941808.14
bank_000057,2026-07-10,NEFT DR-VENDOR PAYMENT-INV9312,0.00,45144.34,5896663.80
bank_000009,2026-07-13,IMPS/JCPW265407485279/RAZORPAY SOFTWARE/PAYOUT,191184.75,0.00,6087848.55
bank_000058,2026-07-13,GST PAYMENT CHALLAN 4867,0.00,26917.34,6060931.21
bank_000010,2026-07-14,NEFT CR-RATN0000088-RAZORPAY SOFTWARE PVT LTD-MDSM507200332875,178641.02,0.00,6239572.23
bank_000059,2026-07-14,RENT-PROPERTY MGMT-6795,0.00,72874.08,6166698.15
bank_000011,2026-07-15,NEFT CR-RATN0000088-RAZORPAY SOFTWARE PVT LTD-JCLY786222335580,211988.12,0.00,6378686.27
bank_000012,2026-07-15,RTGS-UJKO644364709170-RAZORPAYSOFTW,635365.45,0.00,7014051.72
bank_000053,2026-07-15,NEFT CR-XQDN409713456479-CUSTOMER DIRECT TRANSFER,11146.99,0.00,7025198.71
bank_000060,2026-07-15,SALARY DISBURSAL AUG-9280,0.00,227068.95,6798129.76
bank_000013,2026-07-17,IMPS/SXIB404763188442/RAZORPAY SOFT,608118.14,0.00,7406247.90
bank_000014,2026-07-17,NEFT CR-RATN0000088-RAZORPAY SOFTWA,261995.95,0.00,7668243.85
bank_000051,2026-07-17,NEFT CR-XIZG805770032124-CUSTOMER DIRECT TRANSFER,881.00,0.00,7669124.85
bank_000061,2026-07-17,GST PAYMENT CHALLAN 4561,0.00,117783.54,7551341.31
bank_000015,2026-07-20,RTGS-KSSR776315119051-RAZORPAYSOFTW,6162.64,0.00,7557503.95
bank_000062,2026-07-20,SALARY DISBURSAL AUG-4482,0.00,261598.92,7295905.03
bank_000017,2026-07-22,RTGS-IEVX637120710795-RAZORPAYSOFTWARE-MERCHANT SETTLEMENT,585138.03,0.00,7881043.06
bank_000018,2026-07-22,NEFT CR-RATN0000088-RAZORPAY SOFTWARE PVT LTD-MRAA420390279615,844666.59,0.00,8725709.65
bank_000019,2026-07-23,NEFT CR-RATN0000088-RAZORPAY SOFTWA,544049.28,0.00,9269758.93
bank_000043,2026-07-23,NEFT CR-JHJV820355481256-CUSTOMER DIRECT TRANSFER,257.99,0.00,9270016.92
bank_000063,2026-07-23,UPI/DR/5827/OFFICE SUPPLIES,0.00,2747.93,9267268.99
bank_000016,2026-07-24,IMPS/QKVV611029618764/RAZORPAY SOFTWARE/PAYOUT,245969.99,0.00,9513238.98
bank_000020,2026-07-24,NEFT-RAZORPAY SOFTWARE PRIVATE LIMI,347205.56,0.00,9860444.54
bank_000064,2026-07-24,GST PAYMENT CHALLAN 8349,0.00,87713.60,9772730.94
bank_000021,2026-07-27,NEFT-RAZORPAY SOFTWARE PRIVATE LIMITED-CMUA218564851246-SETTLEMENT,46316.20,0.00,9819047.14
bank_000065,2026-07-27,RENT-PROPERTY MGMT-9387,0.00,66239.03,9752808.11
bank_000022,2026-07-28,RTGS-KFHS453785362267-RAZORPAYSOFTWARE-MERCHANT SETTLEMENT,151939.72,0.00,9904747.83
bank_000023,2026-07-29,IMPS/YFUH103910182561/RAZORPAY SOFTWARE/PAYOUT,147687.86,0.00,10052435.69
bank_000024,2026-07-29,NEFT CR-RATN0000088-RAZORPAY SOFTWA,628127.59,0.00,10680563.28
bank_000025,2026-07-29,RTGS-ZUEO406548406772-RAZORPAYSOFTWARE-MERCHANT SETTLEMENT,350949.40,0.00,11031512.68
bank_000052,2026-07-29,NEFT CR-OZBV139115462292-CUSTOMER DIRECT TRANSFER,12045.00,0.00,11043557.68
bank_000066,2026-07-29,SALARY DISBURSAL AUG-1286,0.00,120218.23,10923339.45
bank_000026,2026-07-30,IMPS/BMHP479947049316/RAZORPAY SOFTWARE/PAYOUT,171370.29,0.00,11094709.74
bank_000027,2026-07-31,NEFT-RAZORPAY SOFTWARE PRIVATE LIMITED-XVPV215556454565-SETTLEMENT,899589.01,0.00,11994298.75
bank_000067,2026-07-31,SALARY DISBURSAL AUG-6718,0.00,281205.26,11713093.49
bank_000050,2026-08-02,NEFT CR-TOAM389702557354-CUSTOMER DIRECT TRANSFER,1697.00,0.00,11714790.49
bank_000028,2026-08-03,NEFT-RAZORPAY SOFTWARE PRIVATE LIMITED-PRWO257002939999-SETTLEMENT,39363.52,0.00,11754154.01
bank_000068,2026-08-04,SALARY DISBURSAL AUG-8680,0.00,232853.57,11521300.44
bank_000029,2026-08-05,NEFT CR-RATN0000088-RAZORPAY SOFTWA,383418.40,0.00,11904718.84
bank_000030,2026-08-05,RTGS-XVIF886102377037-RAZORPAYSOFTW,332526.18,0.00,12237245.02
bank_000031,2026-08-05,NEFT-RAZORPAY SOFTWARE PRIVATE LIMITED-HQLO587209294891-SETTLEMENT,290367.30,0.00,12527612.32
bank_000069,2026-08-05,UPI/DR/4909/OFFICE SUPPLIES,0.00,1204.71,12526407.61
bank_000032,2026-08-06,RTGS-SWHU601926369711-RAZORPAYSOFTWARE-MERCHANT SETTLEMENT,552377.24,0.00,13078784.85
bank_000070,2026-08-06,UPI/DR/7459/OFFICE SUPPLIES,0.00,9368.12,13069416.73
bank_000033,2026-08-07,NEFT-RAZORPAY SOFTWARE PRIVATE LIMITED-FPEZ719355103115-SETTLEMENT,687055.99,0.00,13756472.72
bank_000045,2026-08-08,NEFT CR-CREY607499893202-CUSTOMER DIRECT TRANSFER,820.00,0.00,13757292.72
bank_000034,2026-08-10,NEFT CR-RATN0000088-RAZORPAY SOFTWARE PVT LTD-EDUB881110405387,220858.94,0.00,13978151.66
bank_000071,2026-08-10,GST PAYMENT CHALLAN 6384,0.00,110589.01,13867562.65
bank_000035,2026-08-11,RTGS-JAGN209470698886-RAZORPAYSOFTWARE-MERCHANT SETTLEMENT,132910.90,0.00,14000473.55
bank_000049,2026-08-11,NEFT CR-VAJW872286994257-CUSTOMER DIRECT TRANSFER,45833.00,0.00,14046306.55
bank_000036,2026-08-12,NEFT CR-RATN0000088-RAZORPAY SOFTWA,44471.78,0.00,14090778.33
bank_000037,2026-08-12,NEFT-RAZORPAY SOFTWARE PRIVATE LIMITED-ITUG417420627205-SETTLEMENT,613726.06,0.00,14704504.39
bank_000038,2026-08-12,NEFT-RAZORPAY SOFTWARE PRIVATE LIMITED-WGDK424300021113-SETTLEMENT,133825.70,0.00,14838330.09
bank_000048,2026-08-12,NEFT CR-UCZM310993885251-CUSTOMER DIRECT TRANSFER,2120.00,0.00,14840450.09
bank_000039,2026-08-13,NEFT-RAZORPAY SOFTWARE PRIVATE LIMI,237807.81,0.00,15078257.90
bank_000072,2026-08-13,GST PAYMENT CHALLAN 9574,0.00,123461.77,14954796.13
bank_000040,2026-08-14,NEFT-RAZORPAY SOFTWARE PRIVATE LIMITED-XVZC252645875522-SETTLEMENT,607085.34,0.00,15561881.47
bank_000073,2026-08-14,NEFT DR-VENDOR PAYMENT-INV8022,0.00,53912.06,15507969.41
bank_000047,2026-08-15,NEFT CR-OOEJ115854665335-CUSTOMER DIRECT TRANSFER,34327.00,0.00,15542296.41
bank_000074,2026-08-17,RENT-PROPERTY MGMT-5237,0.00,79654.88,15462641.53
bank_000041,2026-08-19,NEFT-RAZORPAY SOFTWARE PRIVATE LIMITED-IQVG368554337127-SETTLEMENT,439887.86,0.00,15902529.39
bank_000042,2026-08-19,NEFT CR-RATN0000088-RAZORPAY SOFTWARE PVT LTD-VVPL951015003680,34580.77,0.00,15937110.16
bank_000075,2026-08-19,RENT-PROPERTY MGMT-6455,0.00,74624.73,15862485.43
