payment_id,order_id,captured_at,amount,method,fee,tax_on_fee,status,settlement_id
pay_000001,ord_000047,2026-07-02T07:26:00,812.00,upi,0.00,0.00,captured,setl_20260706_002
pay_000002,ord_000055,2026-07-01T22:23:00,1310.00,upi,0.00,0.00,captured,setl_20260703_001
pay_000003,ord_000105,2026-07-02T15:18:00,61280.00,netbanking,1103.04,198.55,captured,setl_20260706_002
pay_000004,ord_000150,2026-07-01T21:16:00,272.99,card,5.46,0.98,captured,setl_20260703_001
pay_000005,ord_000163,2026-07-02T12:05:00,1927.00,upi,0.00,0.00,captured,setl_20260706_002
pay_000006,ord_000181,2026-07-01T11:24:00,1909.99,card,38.20,6.88,captured,setl_20260703_001
pay_000007,ord_000181,2026-07-01T18:37:00,1909.99,netbanking,34.38,6.19,captured,setl_20260703_001
pay_000008,ord_000309,2026-07-01T17:15:00,2738.00,card,54.76,9.86,captured,setl_20260703_001
pay_000009,ord_000358,2026-07-02T07:53:00,716.00,netbanking,12.89,2.32,captured,setl_20260706_002
pay_000010,ord_000370,2026-07-02T12:10:00,1819.50,upi,0.00,0.00,captured,setl_20260706_002
pay_000011,ord_000501,2026-07-02T08:45:00,11448.00,wallet,228.96,41.21,captured,setl_20260706_002
pay_000012,ord_000580,2026-07-02T01:17:00,8969.99,netbanking,161.46,29.06,captured,setl_20260706_002
pay_000013,ord_000626,2026-07-01T13:44:00,1455.00,upi,0.00,0.00,captured,setl_20260703_001
pay_000014,ord_000641,2026-07-02T03:27:00,5590.00,upi,0.00,0.00,captured,setl_20260706_002
pay_000015,ord_000672,2026-07-01T22:50:00,2009.00,upi,0.00,0.00,captured,setl_20260703_001
pay_000016,ord_000766,2026-07-02T12:09:00,647.00,card,12.94,2.33,captured,setl_20260706_002
pay_000017,ord_000808,2026-07-01T14:49:00,11391.99,wallet,227.84,41.01,captured,setl_20260703_001
pay_000018,ord_000819,2026-07-01T13:37:00,1527.00,card,30.54,5.50,captured,setl_20260703_001
pay_000019,ord_000907,2026-07-01T14:58:00,1943.00,card,38.86,6.99,captured,setl_20260703_001
pay_000020,ord_000916,2026-07-02T10:53:00,1243.00,upi,0.00,0.00,captured,setl_20260706_002
pay_000021,ord_000938,2026-07-02T03:46:00,2475.00,netbanking,44.55,8.02,captured,setl_20260706_002
pay_000022,ord_000968,2026-07-01T18:06:00,294.00,upi,0.00,0.00,captured,setl_20260703_001
pay_000023,ord_000987,2026-07-01T20:33:00,55500.99,card,1110.02,199.80,captured,setl_20260703_001
pay_000024,ord_000004,2026-07-02T22:49:00,258.00,card,5.16,0.93,captured,setl_20260706_002
pay_000025,ord_000065,2026-07-02T14:39:00,46584.99,upi,0.00,0.00,captured,setl_20260706_002
pay_000026,ord_000069,2026-07-02T16:12:00,786.00,card,15.72,2.83,captured,setl_20260706_002
pay_000027,ord_000072,2026-07-03T00:37:00,1494.99,upi,0.00,0.00,captured,setl_20260707_003
pay_000028,ord_000143,2026-07-03T05:38:00,6065.99,upi,0.00,0.00,captured,setl_20260707_003
pay_000029,ord_000265,2026-07-03T10:57:00,8082.00,upi,0.00,0.00,captured,setl_20260707_003
pay_000030,ord_000266,2026-07-03T15:21:00,11207.00,upi,0.00,0.00,captured,setl_20260707_003
pay_000031,ord_000364,2026-07-03T02:27:00,10226.00,upi,0.00,0.00,captured,setl_20260707_003
pay_000032,ord_000412,2026-07-03T10:32:00,3534.50,netbanking,63.62,11.45,captured,setl_20260707_003
pay_000033,ord_000515,2026-07-03T07:05:00,2105.99,card,42.12,7.58,captured,setl_20260707_003
pay_000034,ord_000522,2026-07-03T09:30:00,1726.00,netbanking,31.07,5.59,captured,setl_20260707_003
pay_000035,ord_000534,2026-07-03T14:55:00,1761.00,upi,0.00,0.00,captured,setl_20260707_003
pay_000036,ord_000559,2026-07-02T13:38:00,47217.00,card,944.34,169.98,captured,setl_20260706_002
pay_000037,ord_000598,2026-07-03T14:18:00,605.99,wallet,12.12,2.18,captured,setl_20260707_003
pay_000038,ord_000599,2026-07-02T17:07:00,1971.00,card,39.42,7.10,captured,setl_20260706_002
pay_000039,ord_000607,2026-07-02T18:17:00,2024.00,card,40.48,7.29,captured,setl_20260706_002
pay_000040,ord_000608,2026-07-02T17:28:00,772.00,upi,0.00,0.00,captured,setl_20260706_002
pay_000041,ord_000615,2026-07-02T10:43:00,10331.00,upi,0.00,0.00,captured,setl_20260706_002
pay_000042,ord_000633,2026-07-03T08:23:00,43230.00,card,864.60,155.63,captured,setl_20260707_003
pay_000043,ord_000653,2026-07-02T18:58:00,1640.00,card,32.80,5.90,captured,setl_20260706_002
pay_000044,ord_000698,2026-07-02T21:39:00,10396.00,upi,0.00,0.00,captured,setl_20260706_002
pay_000045,ord_000719,2026-07-02T16:46:00,2277.50,upi,0.00,0.00,captured,setl_20260706_002
pay_000046,ord_000763,2026-07-02T19:22:00,14577.00,card,291.54,52.48,captured,setl_20260706_002
pay_000047,ord_000822,2026-07-03T09:51:00,1281.00,card,25.62,4.61,captured,setl_20260707_003
pay_000048,ord_000862,2026-07-03T12:51:00,1907.00,card,38.14,6.87,captured,setl_20260707_003
pay_000049,ord_000873,2026-07-02T12:20:00,1730.00,card,34.60,6.23,captured,setl_20260706_002
pay_000050,ord_000887,2026-07-03T02:47:00,2387.99,upi,0.00,0.00,captured,setl_20260707_003
pay_000051,ord_000933,2026-07-02T16:06:00,1499.00,card,29.98,5.40,captured,setl_20260706_002
pay_000052,ord_000934,2026-07-03T11:32:00,1201.99,upi,0.00,0.00,captured,setl_20260707_003
pay_000053,ord_000951,2026-07-03T15:22:00,7798.50,card,155.97,28.07,captured,setl_20260707_003
pay_000054,ord_000962,2026-07-03T04:13:00,54299.99,card,1086.00,195.48,captured,setl_20260707_003
pay_000055,ord_000037,2026-07-04T11:17:00,554.00,card,11.08,1.99,captured,setl_20260708_004
pay_000056,ord_000038,2026-07-03T10:28:00,57817.00,upi,0.00,0.00,captured,setl_20260707_003
pay_000057,ord_000043,2026-07-03T18:23:00,1677.50,card,33.55,6.04,captured,setl_20260707_003
pay_000058,ord_000117,2026-07-03T19:34:00,2940.00,upi,0.00,0.00,captured,setl_20260707_003
pay_000059,ord_000123,2026-07-03T18:15:00,9813.99,card,196.28,35.33,captured,setl_20260707_003
pay_000060,ord_000226,2026-07-04T05:00:00,494.00,upi,0.00,0.00,captured,setl_20260708_004
pay_000061,ord_000238,2026-07-04T03:47:00,14145.00,upi,0.00,0.00,captured,setl_20260708_004
pay_000062,ord_000254,2026-07-03T13:49:00,21226.99,card,424.54,76.42,captured,setl_20260707_003
pay_000063,ord_000256,2026-07-04T04:10:00,44943.00,netbanking,808.97,145.61,captured,setl_20260708_004
pay_000064,ord_000319,2026-07-04T01:43:00,330.00,card,6.60,1.19,captured,setl_20260708_004
pay_000065,ord_000465,2026-07-03T21:28:00,854.00,card,17.08,3.07,captured,setl_20260707_003
pay_000066,ord_000482,2026-07-04T14:10:00,12116.00,upi,0.00,0.00,captured,setl_20260708_004
pay_000067,ord_000606,2026-07-03T23:52:00,69136.50,wallet,1382.73,248.89,captured,setl_20260708_004
pay_000068,ord_000631,2026-07-03T21:07:00,2117.00,card,42.34,7.62,captured,setl_20260707_003
pay_000069,ord_000660,2026-07-03T10:01:00,2201.00,upi,0.00,0.00,captured,setl_20260707_003
pay_000070,ord_000664,2026-07-04T06:39:00,2130.00,upi,0.00,0.00,captured,setl_20260708_004
pay_000071,ord_000713,2026-07-04T09:11:00,313.00,upi,0.00,0.00,captured,setl_20260708_004
pay_000072,ord_000714,2026-07-03T16:26:00,38804.00,upi,0.00,0.00,captured,setl_20260707_003
pay_000073,ord_000753,2026-07-04T09:15:00,6382.00,upi,0.00,0.00,captured,setl_20260708_004
pay_000074,ord_000886,2026-07-03T14:49:00,2488.99,upi,0.00,0.00,captured,setl_20260707_003
pay_000075,ord_000919,2026-07-04T15:00:00,1590.99,card,31.82,5.73,captured,setl_20260708_004
pay_000076,ord_000926,2026-07-03T16:43:00,7735.00,card,154.70,27.85,captured,setl_20260707_003
pay_000077,ord_000935,2026-07-03T15:17:00,5905.00,wallet,118.10,21.26,captured,setl_20260707_003
pay_000078,ord_000944,2026-07-03T23:15:00,4602.99,upi,0.00,0.00,captured,setl_20260708_004
pay_000079,ord_000993,2026-07-03T18:49:00,942.50,card,18.85,3.39,captured,setl_20260707_003
pay_000080,ord_000068,2026-07-05T04:00:00,13133.50,card,262.67,47.28,captured,setl_20260708_005
pay_000081,ord_000110,2026-07-04T20:03:00,43327.00,upi,0.00,0.00,captured,setl_20260708_004
pay_000082,ord_000115,2026-07-04T19:03:00,620.99,card,12.42,2.24,captured,setl_20260708_004
pay_000083,ord_000115,2026-07-04T19:54:00,620.99,upi,0.00,0.00,captured,setl_20260708_004
pay_000084,ord_000273,2026-07-04T19:17:00,22093.00,wallet,441.86,79.53,captured,setl_20260708_004
pay_000085,ord_000339,2026-07-05T03:56:00,2322.00,upi,0.00,0.00,captured,setl_20260708_005
pay_000086,ord_000456,2026-07-05T01:23:00,3197.00,card,63.94,11.51,captured,setl_20260708_005
pay_000087,ord_000508,2026-07-05T10:25:00,2404.00,upi,0.00,0.00,captured,setl_20260708_005
pay_000088,ord_000529,2026-07-05T11:35:00,4630.00,netbanking,83.34,15.00,captured,setl_20260708_005
pay_000089,ord_000555,2026-07-04T11:03:00,2136.99,upi,0.00,0.00,captured,setl_20260708_004
pay_000090,ord_000639,2026-07-05T00:03:00,762.50,netbanking,13.73,2.47,captured,setl_20260708_005
pay_000091,ord_000767,2026-07-05T01:00:00,11782.99,upi,0.00,0.00,captured,setl_20260708_005
pay_000092,ord_000833,2026-07-04T23:48:00,3321.99,upi,0.00,0.00,captured,setl_20260708_005
pay_000093,ord_000869,2026-07-05T14:16:00,1469.00,card,29.38,5.29,captured,setl_20260708_005
pay_000094,ord_000927,2026-07-05T07:03:00,1770.00,upi,0.00,0.00,captured,setl_20260708_005
pay_000095,ord_000952,2026-07-05T03:15:00,2397.00,card,47.94,8.63,captured,setl_20260708_005
pay_000096,ord_000985,2026-07-05T06:24:00,692.50,upi,0.00,0.00,captured,setl_20260708_005
pay_000097,ord_000159,2026-07-06T08:16:00,5942.00,upi,0.00,0.00,captured,setl_20260708_006
pay_000098,ord_000169,2026-07-06T03:49:00,6459.00,upi,0.00,0.00,captured,setl_20260708_006
pay_000099,ord_000187,2026-07-05T15:11:00,1996.00,upi,0.00,0.00,captured,setl_20260708_005
pay_000100,ord_000274,2026-07-05T10:12:00,2182.50,upi,0.00,0.00,captured,setl_20260708_005
pay_000101,ord_000324,2026-07-05T21:18:00,1455.99,upi,0.00,0.00,captured,setl_20260708_005
pay_000102,ord_000324,2026-07-06T01:55:00,1455.99,card,29.12,5.24,captured,setl_20260708_006
pay_000103,ord_000359,2026-07-05T23:42:00,48413.00,card,968.26,174.29,captured,setl_20260708_006
pay_000104,ord_000389,2026-07-05T11:03:00,2199.00,netbanking,39.58,7.12,captured,setl_20260708_005
pay_000105,ord_000474,2026-07-06T06:36:00,892.00,upi,0.00,0.00,captured,setl_20260708_006
pay_000106,ord_000497,2026-07-05T19:53:00,17407.50,card,348.15,62.67,captured,setl_20260708_005
pay_000107,ord_000544,2026-07-05T13:10:00,1302.99,upi,0.00,0.00,captured,setl_20260708_005
pay_000108,ord_000647,2026-07-05T16:14:00,8034.00,card,160.68,28.92,captured,setl_20260708_005
pay_000109,ord_000751,2026-07-06T11:48:00,958.00,card,19.16,3.45,captured,setl_20260708_006
pay_000110,ord_000787,2026-07-05T20:01:00,49712.00,wallet,994.24,178.96,captured,setl_20260708_005
pay_000111,ord_000788,2026-07-06T10:07:00,653.00,card,13.06,2.35,captured,setl_20260708_006
pay_000112,ord_000802,2026-07-06T12:07:00,1348.00,card,26.96,4.85,captured,setl_20260708_006
pay_000113,ord_000853,2026-07-06T08:09:00,14427.00,upi,0.00,0.00,captured,setl_20260708_006
pay_000114,ord_000888,2026-07-05T13:04:00,549.50,upi,0.00,0.00,captured,setl_20260708_005
pay_000115,ord_000917,2026-07-05T16:24:00,2460.00,upi,0.00,0.00,captured,setl_20260708_005
pay_000116,ord_000972,2026-07-06T11:27:00,66804.00,upi,0.00,0.00,captured,setl_20260708_006
pay_000117,ord_000096,2026-07-06T16:18:00,7494.50,upi,0.00,0.00,captured,setl_20260708_006
pay_000118,ord_000206,2026-07-07T04:12:00,1936.99,upi,0.00,0.00,captured,setl_20260709_007
pay_000119,ord_000316,2026-07-07T08:52:00,9533.99,upi,0.00,0.00,captured,setl_20260709_007
pay_000120,ord_000347,2026-07-07T06:04:00,14768.00,upi,0.00,0.00,captured,setl_20260709_007
pay_000121,ord_000447,2026-07-06T21:01:00,52022.00,upi,0.00,0.00,captured,setl_20260708_006
pay_000122,ord_000469,2026-07-06T21:31:00,4040.00,upi,0.00,0.00,captured,setl_20260708_006
pay_000123,ord_000586,2026-07-07T06:35:00,1151.00,card,23.02,4.14,captured,setl_20260709_007
pay_000124,ord_000648,2026-07-07T03:18:00,9750.50,upi,0.00,0.00,captured,setl_20260709_007
pay_000125,ord_000661,2026-07-07T05:57:00,2278.00,netbanking,41.00,7.38,captured,setl_20260709_007
pay_000126,ord_000687,2026-07-07T07:02:00,2111.00,wallet,42.22,7.60,captured,setl_20260709_007
pay_000127,ord_000692,2026-07-07T10:20:00,2464.00,card,49.28,8.87,captured,setl_20260709_007
pay_000128,ord_000847,2026-07-07T14:08:00,8833.00,netbanking,158.99,28.62,captured,setl_20260709_007
pay_000129,ord_000865,2026-07-07T03:50:00,535.00,card,10.70,1.93,captured,setl_20260709_007
pay_000130,ord_000875,2026-07-07T11:18:00,904.00,upi,0.00,0.00,captured,setl_20260709_007
pay_000131,ord_000918,2026-07-07T02:07:00,2080.00,upi,0.00,0.00,captured,setl_20260709_007
pay_000132,ord_000923,2026-07-07T07:44:00,395982.50,netbanking,7127.69,1282.98,captured,setl_20260709_007
pay_000133,ord_000940,2026-07-07T14:15:00,6061.99,card,121.24,21.82,captured,setl_20260709_007
pay_000134,ord_000949,2026-07-07T12:34:00,51621.99,upi,0.00,0.00,captured,setl_20260709_007
pay_000135,ord_000971,2026-07-06T21:53:00,589.00,upi,0.00,0.00,captured,setl_20260708_006
pay_000136,ord_000971,2026-07-06T13:33:00,589.00,upi,0.00,0.00,captured,setl_20260708_006
pay_000137,ord_000980,2026-07-07T14:59:00,1590.50,netbanking,28.63,5.15,captured,setl_20260709_007
pay_000138,ord_000101,2026-07-08T00:58:00,626.00,upi,0.00,0.00,captured,setl_20260710_008
pay_000139,ord_000170,2026-07-08T09:41:00,9748.00,card,194.96,35.09,captured,setl_20260710_008
pay_000140,ord_000194,2026-07-07T12:23:00,78352.00,wallet,1567.04,282.07,captured,setl_20260709_007
pay_000141,ord_000196,2026-07-07T22:53:00,1032.50,upi,0.00,0.00,captured,setl_20260709_007
pay_000142,ord_000264,2026-07-08T13:30:00,1553.00,upi,0.00,0.00,captured,setl_20260710_008
pay_000143,ord_000264,2026-07-07T15:09:00,1553.00,netbanking,27.95,5.03,captured,setl_20260709_007
pay_000144,ord_000361,2026-07-07T21:37:00,216.00,card,4.32,0.78,captured,setl_20260709_007
pay_000145,ord_000390,2026-07-08T01:18:00,12713.00,netbanking,228.83,41.19,captured,setl_20260710_008
pay_000146,ord_000409,2026-07-07T22:03:00,7267.00,wallet,145.34,26.16,captured,setl_20260709_007
pay_000147,ord_000450,2026-07-07T16:19:00,485.00,card,9.70,1.75,captured,setl_20260709_007
pay_000148,ord_000478,2026-07-07T12:08:00,3302.00,upi,0.00,0.00,captured,setl_20260709_007
pay_000149,ord_000518,2026-07-07T11:36:00,29689.00,wallet,593.78,106.88,captured,setl_20260709_007
pay_000150,ord_000531,2026-07-08T03:52:00,8121.00,upi,0.00,0.00,captured,setl_20260710_008
pay_000151,ord_000549,2026-07-07T23:03:00,1054.00,upi,0.00,0.00,captured,setl_20260710_008
pay_000152,ord_000593,2026-07-07T15:16:00,432.00,upi,0.00,0.00,captured,setl_20260709_007
pay_000153,ord_000623,2026-07-08T00:43:00,10060.50,card,201.21,36.22,captured,setl_20260710_008
pay_000154,ord_000634,2026-07-07T15:13:00,2801.00,upi,0.00,0.00,captured,setl_20260709_007
pay_000155,ord_000695,2026-07-08T12:17:00,262054.00,card,5241.08,943.39,captured,setl_20260710_008
pay_000156,ord_000705,2026-07-08T10:14:00,859.00,upi,0.00,0.00,captured,setl_20260710_008
pay_000157,ord_000757,2026-07-08T04:54:00,13453.00,card,269.06,48.43,captured,setl_20260710_008
pay_000158,ord_000807,2026-07-07T09:55:00,64081.00,upi,0.00,0.00,captured,setl_20260709_007
pay_000159,ord_000845,2026-07-07T17:26:00,544.00,card,10.88,1.96,captured,setl_20260709_007
pay_000160,ord_000871,2026-07-07T18:37:00,9906.00,upi,0.00,0.00,captured,setl_20260709_007
pay_000161,ord_000882,2026-07-08T08:35:00,2163.00,card,43.26,7.79,captured,setl_20260710_008
pay_000162,ord_000902,2026-07-07T19:46:00,262.00,upi,0.00,0.00,captured,setl_20260709_007
pay_000163,ord_000929,2026-07-08T11:01:00,3288.99,upi,0.00,0.00,captured,setl_20260710_008
pay_000164,ord_000028,2026-07-09T02:42:00,1300.99,upi,0.00,0.00,captured,setl_20260713_009
pay_000165,ord_000052,2026-07-09T04:09:00,2385.00,upi,0.00,0.00,captured,setl_20260713_009
pay_000166,ord_000058,2026-07-08T11:06:00,1786.50,upi,0.00,0.00,captured,setl_20260710_008
pay_000167,ord_000176,2026-07-09T05:27:00,9248.50,card,184.97,33.29,captured,setl_20260713_009
pay_000168,ord_000253,2026-07-09T11:55:00,74061.50,upi,0.00,0.00,captured,setl_20260713_009
pay_000169,ord_000291,2026-07-09T02:57:00,2293.00,upi,0.00,0.00,captured,setl_20260713_009
pay_000170,ord_000383,2026-07-09T13:41:00,73543.50,card,1470.87,264.76,captured,setl_20260713_009
pay_000171,ord_000413,2026-07-08T10:26:00,44171.00,upi,0.00,0.00,captured,setl_20260710_008
pay_000172,ord_000538,2026-07-08T15:40:00,2855.99,upi,0.00,0.00,captured,setl_20260710_008
pay_000173,ord_000541,2026-07-09T09:32:00,715.00,netbanking,12.87,2.32,captured,setl_20260713_009
pay_000174,ord_000587,2026-07-08T09:22:00,2265.50,upi,0.00,0.00,captured,setl_20260710_008
pay_000175,ord_000605,2026-07-08T15:21:00,8834.50,upi,0.00,0.00,captured,setl_20260710_008
pay_000176,ord_000741,2026-07-08T21:23:00,52068.99,netbanking,937.24,168.70,captured,setl_20260710_008
pay_000177,ord_000762,2026-07-08T10:59:00,50887.99,upi,0.00,0.00,captured,setl_20260710_008
pay_000178,ord_000827,2026-07-08T11:32:00,2972.50,upi,0.00,0.00,captured,setl_20260710_008
pay_000179,ord_000829,2026-07-08T14:02:00,2043.99,card,40.88,7.36,captured,setl_20260710_008
pay_000180,ord_000939,2026-07-09T02:13:00,1164.00,upi,0.00,0.00,captured,setl_20260713_009
pay_000181,ord_000003,2026-07-10T05:39:00,1075.00,wallet,21.50,3.87,captured,setl_20260714_010
pay_000182,ord_000077,2026-07-10T10:00:00,1127.00,netbanking,20.29,3.65,captured,setl_20260714_010
pay_000183,ord_000138,2026-07-09T13:28:00,2342.99,card,46.86,8.43,captured,setl_20260713_009
pay_000184,ord_000145,2026-07-10T11:06:00,2004.00,upi,0.00,0.00,captured,setl_20260714_010
pay_000185,ord_000289,2026-07-09T15:46:00,1268.00,upi,0.00,0.00,captured,setl_20260713_009
pay_000186,ord_000311,2026-07-09T22:30:00,3848.00,upi,0.00,0.00,captured,setl_20260713_009
pay_000187,ord_000351,2026-07-09T17:31:00,1128.00,netbanking,20.30,3.65,captured,setl_20260713_009
pay_000188,ord_000411,2026-07-10T10:14:00,609.00,netbanking,10.96,1.97,captured,setl_20260714_010
pay_000189,ord_000423,2026-07-09T15:02:00,60843.00,card,1216.86,219.03,captured,setl_20260713_009
pay_000190,ord_000440,2026-07-09T10:06:00,423.99,wallet,8.48,1.53,captured,setl_20260713_009
pay_000191,ord_000440,2026-07-10T10:07:00,423.99,upi,0.00,0.00,captured,setl_20260714_010
pay_000192,ord_000477,2026-07-10T14:39:00,13746.00,upi,0.00,0.00,captured,setl_20260714_010
pay_000193,ord_000533,2026-07-09T10:17:00,11047.00,card,220.94,39.77,captured,setl_20260713_009
pay_000194,ord_000546,2026-07-10T04:55:00,1074.00,card,21.48,3.87,captured,setl_20260714_010
pay_000195,ord_000577,2026-07-09T21:01:00,1149.00,upi,0.00,0.00,captured,setl_20260713_009
pay_000196,ord_000613,2026-07-09T12:00:00,591.00,card,11.82,2.13,captured,setl_20260713_009
pay_000197,ord_000709,2026-07-09T23:23:00,410.99,card,8.22,1.48,captured,setl_20260714_010
pay_000198,ord_000740,2026-07-10T11:22:00,999.00,card,19.98,3.60,captured,setl_20260714_010
pay_000199,ord_000745,2026-07-09T13:01:00,4164.00,wallet,83.28,14.99,captured,setl_20260713_009
pay_000200,ord_000850,2026-07-09T14:48:00,13384.99,upi,0.00,0.00,captured,setl_20260713_009
pay_000201,ord_000890,2026-07-10T11:23:00,6944.00,card,138.88,25.00,captured,setl_20260714_010
pay_000202,ord_000900,2026-07-10T00:11:00,3558.00,upi,0.00,0.00,captured,setl_20260714_010
pay_000203,ord_000945,2026-07-09T23:55:00,1284.50,upi,0.00,0.00,captured,setl_20260714_010
pay_000204,ord_000005,2026-07-10T21:16:00,6799.50,upi,0.00,0.00,captured,setl_20260714_010
pay_000205,ord_000041,2026-07-10T10:57:00,1708.00,upi,0.00,0.00,captured,setl_20260714_010
pay_000206,ord_000100,2026-07-10T13:25:00,407446.00,upi,0.00,0.00,captured,setl_20260714_010
pay_000207,ord_000100,2026-07-10T19:44:00,407446.00,card,8148.92,1466.81,captured,setl_20260714_010
pay_000208,ord_000109,2026-07-10T22:56:00,892.50,upi,0.00,0.00,captured,setl_20260714_010
pay_000209,ord_000109,2026-07-10T10:40:00,892.50,upi,0.00,0.00,captured,setl_20260714_010
pay_000210,ord_000131,2026-07-10T14:31:00,269.00,upi,0.00,0.00,captured,setl_20260714_010
pay_000211,ord_000137,2026-07-11T03:35:00,12925.00,card,258.50,46.53,captured,setl_20260715_011
pay_000212,ord_000154,2026-07-11T03:20:00,1396.50,netbanking,25.14,4.53,captured,setl_20260715_011
pay_000213,ord_000154,2026-07-10T17:16:00,1396.50,upi,0.00,0.00,captured,setl_20260714_010
pay_000214,ord_000180,2026-07-10T18:41:00,8285.99,upi,0.00,0.00,captured,setl_20260714_010
pay_000215,ord_000191,2026-07-10T15:24:00,1259.00,upi,0.00,0.00,captured,setl_20260714_010
pay_000216,ord_000233,2026-07-10T20:26:00,1587.00,upi,0.00,0.00,captured,setl_20260714_010
pay_000217,ord_000303,2026-07-10T23:15:00,1684.00,card,33.68,6.06,captured,setl_20260715_011
pay_000218,ord_000343,2026-07-10T11:33:00,1701.00,upi,0.00,0.00,captured,setl_20260714_010
pay_000219,ord_000355,2026-07-10T09:34:00,58716.50,card,1174.33,211.38,captured,setl_20260714_010
pay_000220,ord_000400,2026-07-11T00:37:00,442.00,upi,0.00,0.00,captured,setl_20260715_011
pay_000221,ord_000402,2026-07-11T01:27:00,34351.99,upi,0.00,0.00,captured,setl_20260715_011
pay_000222,ord_000439,2026-07-10T18:12:00,29312.00,card,586.24,105.52,captured,setl_20260714_010
pay_000223,ord_000461,2026-07-11T06:54:00,11536.00,upi,0.00,0.00,captured,setl_20260715_011
pay_000224,ord_000525,2026-07-11T06:19:00,12450.00,upi,0.00,0.00,captured,setl_20260715_011
pay_000225,ord_000564,2026-07-11T01:33:00,79500.00,card,1590.00,286.20,captured,setl_20260715_011
pay_000226,ord_000570,2026-07-11T00:32:00,1967.99,card,39.36,7.08,captured,setl_20260715_011
pay_000227,ord_000604,2026-07-10T16:41:00,2438.00,card,48.76,8.78,captured,setl_20260714_010
pay_000228,ord_000676,2026-07-11T14:02:00,415.00,card,8.30,1.49,captured,setl_20260715_011
pay_000229,ord_000676,2026-07-10T13:49:00,415.00,netbanking,7.47,1.34,captured,setl_20260714_010
pay_000230,ord_000700,2026-07-10T12:52:00,4306.50,netbanking,77.52,13.95,captured,setl_20260714_010
pay_000231,ord_000703,2026-07-10T22:35:00,376.00,upi,0.00,0.00,captured,setl_20260714_010
pay_000232,ord_000712,2026-07-11T13:22:00,1428.99,card,28.58,5.14,captured,setl_20260715_011
pay_000233,ord_000781,2026-07-10T14:15:00,433.00,upi,0.00,0.00,captured,setl_20260714_010
pay_000234,ord_000782,2026-07-11T06:38:00,1208.99,netbanking,21.76,3.92,captured,setl_20260715_011
pay_000235,ord_000790,2026-07-11T09:05:00,9697.00,card,193.94,34.91,captured,setl_20260715_011
pay_000236,ord_000790,2026-07-11T05:00:00,9697.00,upi,0.00,0.00,captured,setl_20260715_011
pay_000237,ord_000812,2026-07-11T06:24:00,14875.00,upi,0.00,0.00,captured,setl_20260715_011
pay_000238,ord_000861,2026-07-10T21:47:00,940.00,netbanking,16.92,3.05,captured,setl_20260714_010
pay_000239,ord_000998,2026-07-10T13:18:00,66306.99,upi,0.00,0.00,captured,setl_20260714_010
pay_000240,ord_000019,2026-07-12T08:04:00,1228.00,card,24.56,4.42,captured,setl_20260715_012
pay_000241,ord_000046,2026-07-12T01:56:00,63474.00,upi,0.00,0.00,captured,setl_20260715_012
pay_000242,ord_000140,2026-07-12T02:55:00,6524.00,wallet,130.48,23.49,captured,setl_20260715_012
pay_000243,ord_000203,2026-07-11T21:41:00,1009.99,netbanking,18.18,3.27,captured,setl_20260715_011
pay_000244,ord_000290,2026-07-11T11:45:00,396115.99,upi,0.00,0.00,captured,setl_20260715_011
pay_000245,ord_000349,2026-07-12T13:26:00,5094.00,upi,0.00,0.00,captured,setl_20260715_012
pay_000246,ord_000362,2026-07-11T09:34:00,1380.50,netbanking,24.85,4.47,captured,setl_20260715_011
pay_000247,ord_000399,2026-07-12T10:19:00,14699.00,upi,0.00,0.00,captured,setl_20260715_012
pay_000248,ord_000503,2026-07-11T22:30:00,1192.50,card,23.85,4.29,captured,setl_20260715_011
pay_000249,ord_000513,2026-07-11T15:31:00,941.99,netbanking,16.96,3.05,captured,setl_20260715_011
pay_000250,ord_000530,2026-07-12T12:17:00,2730.00,upi,0.00,0.00,captured,setl_20260715_012
pay_000251,ord_000535,2026-07-11T18:42:00,1878.00,upi,0.00,0.00,captured,setl_20260715_011
pay_000252,ord_000537,2026-07-12T11:15:00,12670.99,upi,0.00,0.00,captured,setl_20260715_012
pay_000253,ord_000551,2026-07-11T14:07:00,2230.00,upi,0.00,0.00,captured,setl_20260715_011
pay_000254,ord_000571,2026-07-11T17:58:00,12168.99,card,243.38,43.81,captured,setl_20260715_011
pay_000255,ord_000573,2026-07-11T19:33:00,1358.99,upi,0.00,0.00,captured,setl_20260715_011
pay_000256,ord_000620,2026-07-11T15:33:00,719.00,card,14.38,2.59,captured,setl_20260715_011
pay_000257,ord_000636,2026-07-11T18:07:00,95321.00,upi,0.00,0.00,captured,setl_20260715_011
pay_000258,ord_000680,2026-07-11T23:29:00,2287.00,upi,0.00,0.00,captured,setl_20260715_012
pay_000259,ord_000694,2026-07-12T04:53:00,1979.00,card,39.58,7.12,captured,setl_20260715_012
pay_000260,ord_000718,2026-07-12T14:10:00,14967.00,upi,0.00,0.00,captured,setl_20260715_012
pay_000261,ord_000800,2026-07-12T11:27:00,994.00,upi,0.00,0.00,captured,setl_20260715_012
pay_000262,ord_000805,2026-07-12T12:43:00,65570.00,upi,0.00,0.00,captured,setl_20260715_012
pay_000263,ord_000901,2026-07-11T23:39:00,8542.50,upi,0.00,0.00,captured,setl_20260715_012
pay_000264,ord_000909,2026-07-11T21:20:00,232896.00,upi,0.00,0.00,captured,setl_20260715_011
pay_000265,ord_000948,2026-07-12T13:33:00,4620.99,upi,0.00,0.00,captured,setl_20260715_012
pay_000266,ord_000066,2026-07-13T06:42:00,743.00,upi,0.00,0.00,captured,setl_20260715_013
pay_000267,ord_000079,2026-07-12T13:58:00,2438.00,netbanking,43.88,7.90,captured,setl_20260715_012
pay_000268,ord_000197,2026-07-13T15:18:00,4251.99,card,85.04,15.31,captured,setl_20260715_013
pay_000269,ord_000219,2026-07-13T13:11:00,324.00,upi,0.00,0.00,captured,setl_20260715_013
pay_000270,ord_000300,2026-07-12T11:04:00,1291.00,netbanking,23.24,4.18,captured,setl_20260715_012
pay_000271,ord_000376,2026-07-12T10:50:00,1670.00,wallet,33.40,6.01,captured,setl_20260715_012
pay_000272,ord_000408,2026-07-12T09:13:00,2289.00,netbanking,41.20,7.42,captured,setl_20260715_012
pay_000273,ord_000424,2026-07-12T13:05:00,2310.99,card,46.22,8.32,captured,setl_20260715_012
pay_000274,ord_000443,2026-07-12T15:40:00,55369.50,upi,0.00,0.00,captured,setl_20260715_012
pay_000275,ord_000464,2026-07-12T22:25:00,1303.00,netbanking,23.45,4.22,captured,setl_20260715_012
pay_000276,ord_000536,2026-07-13T04:44:00,2636.00,upi,0.00,0.00,captured,setl_20260715_013
pay_000277,ord_000669,2026-07-12T13:53:00,1460.50,card,29.21,5.26,captured,setl_20260715_012
pay_000278,ord_000704,2026-07-13T11:39:00,2236.00,card,44.72,8.05,captured,setl_20260715_013
pay_000279,ord_000743,2026-07-12T21:04:00,1850.00,card,37.00,6.66,captured,setl_20260715_012
pay_000280,ord_000843,2026-07-12T21:36:00,1323.50,upi,0.00,0.00,captured,setl_20260715_012
pay_000281,ord_000912,2026-07-13T01:09:00,582.99,netbanking,10.49,1.89,captured,setl_20260715_013
pay_000282,ord_000957,2026-07-12T16:57:00,8374.00,card,167.48,30.15,captured,setl_20260715_012
pay_000283,ord_000966,2026-07-12T19:38:00,3204.00,card,64.08,11.53,captured,setl_20260715_012
pay_000284,ord_000995,2026-07-13T13:02:00,2465.99,netbanking,44.39,7.99,captured,setl_20260715_013
pay_000285,ord_000012,2026-07-14T04:46:00,1236.00,upi,0.00,0.00,captured,setl_20260716_014
pay_000286,ord_000015,2026-07-13T21:01:00,499.50,upi,0.00,0.00,captured,setl_20260715_013
pay_000287,ord_000020,2026-07-13T19:54:00,8640.99,upi,0.00,0.00,captured,setl_20260715_013
pay_000288,ord_000039,2026-07-13T10:41:00,2470.50,card,49.41,8.89,captured,setl_20260715_013
pay_000289,ord_000064,2026-07-14T05:40:00,2149.00,wallet,42.98,7.74,captured,setl_20260716_014
pay_000290,ord_000130,2026-07-13T15:15:00,10682.99,upi,0.00,0.00,captured,setl_20260715_013
pay_000291,ord_000250,2026-07-14T07:39:00,1601.99,upi,0.00,0.00,captured,setl_20260716_014
pay_000292,ord_000354,2026-07-14T14:22:00,572.99,card,11.46,2.06,captured,setl_20260716_014
pay_000293,ord_000372,2026-07-13T14:13:00,3379.50,card,67.59,12.17,captured,setl_20260715_013
pay_000294,ord_000435,2026-07-13T20:45:00,617.99,upi,0.00,0.00,captured,setl_20260715_013
pay_000295,ord_000455,2026-07-13T10:50:00,2432.00,card,48.64,8.76,captured,setl_20260715_013
pay_000296,ord_000484,2026-07-14T13:03:00,1364.00,upi,0.00,0.00,captured,setl_20260716_014
pay_000297,ord_000566,2026-07-13T12:37:00,11612.50,card,232.25,41.81,captured,setl_20260715_013
pay_000298,ord_000584,2026-07-13T22:40:00,11584.50,netbanking,208.52,37.53,captured,setl_20260715_013
pay_000299,ord_000670,2026-07-13T22:02:00,42617.99,upi,0.00,0.00,captured,setl_20260715_013
pay_000300,ord_000799,2026-07-14T12:24:00,732.00,wallet,14.64,2.64,captured,setl_20260716_014
pay_000301,ord_000846,2026-07-14T03:08:00,64758.00,upi,0.00,0.00,captured,setl_20260716_014
pay_000302,ord_000849,2026-07-14T13:43:00,12118.99,card,242.38,43.63,captured,setl_20260716_014
pay_000303,ord_000855,2026-07-14T00:25:00,784.50,upi,0.00,0.00,captured,setl_20260716_014
pay_000304,ord_000977,2026-07-13T14:05:00,2493.50,card,49.87,8.98,captured,setl_20260715_013
pay_000305,ord_000042,2026-07-14T17:54:00,1789.00,netbanking,32.20,5.80,captured,setl_20260716_014
pay_000306,ord_000049,2026-07-15T12:36:00,13421.00,card,268.42,48.32,captured,setl_20260717_015
pay_000307,ord_000129,2026-07-14T20:37:00,1896.00,upi,0.00,0.00,captured,setl_20260716_014
pay_000308,ord_000153,2026-07-14T23:05:00,684.99,card,13.70,2.47,captured,setl_20260717_015
pay_000309,ord_000166,2026-07-14T18:58:00,890.00,card,17.80,3.20,captured,setl_20260716_014
pay_000310,ord_000236,2026-07-15T11:06:00,14691.50,upi,0.00,0.00,captured,setl_20260717_015
pay_000311,ord_000312,2026-07-14T15:57:00,2048.00,upi,0.00,0.00,captured,setl_20260716_014
pay_000312,ord_000320,2026-07-14T20:57:00,952.99,card,19.06,3.43,captured,setl_20260716_014
pay_000313,ord_000388,2026-07-14T10:54:00,57352.00,netbanking,1032.34,185.82,captured,setl_20260716_014
pay_000314,ord_000498,2026-07-14T19:22:00,2105.00,card,42.10,7.58,captured,setl_20260716_014
pay_000315,ord_000528,2026-07-15T15:07:00,4300.99,card,86.02,15.48,captured,setl_20260717_015
pay_000316,ord_000556,2026-07-15T08:42:00,67641.99,netbanking,1217.56,219.16,captured,setl_20260717_015
pay_000317,ord_000618,2026-07-15T08:59:00,1665.00,upi,0.00,0.00,captured,setl_20260717_015
pay_000318,ord_000649,2026-07-14T12:06:00,1928.00,card,38.56,6.94,captured,setl_20260716_014
pay_000319,ord_000673,2026-07-14T20:41:00,1536.00,card,30.72,5.53,captured,setl_20260716_014
pay_000320,ord_000674,2026-07-14T11:42:00,801.50,netbanking,14.43,2.60,captured,setl_20260716_014
pay_000321,ord_000675,2026-07-15T08:38:00,689.00,upi,0.00,0.00,captured,setl_20260717_015
pay_000322,ord_000821,2026-07-14T22:32:00,32864.99,upi,0.00,0.00,captured,setl_20260716_014
pay_000323,ord_000852,2026-07-15T15:35:00,1196.00,card,23.92,4.31,captured,setl_20260717_015
pay_000324,ord_000892,2026-07-15T00:56:00,8459.50,upi,0.00,0.00,captured,setl_20260717_015
pay_000325,ord_000007,2026-07-16T12:38:00,51025.99,upi,0.00,0.00,captured,setl_20260720_016
pay_000326,ord_000025,2026-07-16T01:35:00,2477.99,upi,0.00,0.00,captured,setl_20260720_016
pay_000327,ord_000283,2026-07-15T10:05:00,78757.00,upi,0.00,0.00,captured,setl_20260717_015
pay_000328,ord_000298,2026-07-16T07:21:00,775.00,card,15.50,2.79,captured,setl_20260720_016
pay_000329,ord_000377,2026-07-15T12:35:00,4981.00,upi,0.00,0.00,captured,setl_20260717_015
pay_000330,ord_000401,2026-07-16T15:25:00,1101.00,upi,0.00,0.00,captured,setl_20260720_016
pay_000331,ord_000468,2026-07-16T06:56:00,8894.99,card,177.90,32.02,captured,setl_20260720_016
pay_000332,ord_000581,2026-07-15T19:54:00,2747.00,wallet,54.94,9.89,captured,setl_20260717_015
pay_000333,ord_000581,2026-07-15T09:43:00,2747.00,wallet,54.94,9.89,captured,setl_20260717_015
pay_000334,ord_000621,2026-07-15T17:20:00,480.50,upi,0.00,0.00,captured,setl_20260717_015
pay_000335,ord_000651,2026-07-16T10:59:00,7339.99,card,146.80,26.42,captured,setl_20260720_016
pay_000336,ord_000725,2026-07-16T09:34:00,14942.00,netbanking,268.96,48.41,captured,setl_20260720_016
pay_000337,ord_000768,2026-07-16T12:00:00,973.50,card,19.47,3.50,captured,setl_20260720_016
pay_000338,ord_000795,2026-07-16T06:19:00,69053.00,wallet,1381.06,248.59,captured,setl_20260720_016
pay_000339,ord_000863,2026-07-15T11:21:00,1542.99,card,30.86,5.55,captured,setl_20260717_015
pay_000340,ord_000868,2026-07-16T04:44:00,6113.50,wallet,122.27,22.01,captured,setl_20260720_016
pay_000341,ord_000872,2026-07-15T17:40:00,8463.00,upi,0.00,0.00,captured,setl_20260717_015
pay_000342,ord_000883,2026-07-16T06:35:00,1413.00,upi,0.00,0.00,captured,setl_20260720_016
pay_000343,ord_000911,2026-07-16T13:09:00,4530.00,upi,0.00,0.00,captured,setl_20260720_016
pay_000344,ord_000911,2026-07-15T12:24:00,4530.00,upi,0.00,0.00,captured,setl_20260717_015
pay_000345,ord_000963,2026-07-16T06:52:00,958.00,wallet,19.16,3.45,captured,setl_20260720_016
pay_000346,ord_000974,2026-07-16T02:07:00,1795.00,upi,0.00,0.00,captured,setl_20260720_016
pay_000347,ord_000988,2026-07-15T22:34:00,3658.00,card,73.16,13.17,captured,setl_20260717_015
pay_000348,ord_000022,2026-07-16T20:27:00,373.99,card,7.48,1.35,captured,setl_20260720_016
pay_000349,ord_000075,2026-07-16T23:42:00,251.00,card,5.02,0.90,captured,setl_20260721_017
pay_000350,ord_000128,2026-07-17T15:16:00,1919.99,upi,0.00,0.00,captured,setl_20260721_017
pay_000351,ord_000165,2026-07-16T22:01:00,10939.50,wallet,218.79,39.38,captured,setl_20260720_016
pay_000352,ord_000167,2026-07-17T04:48:00,1834.99,upi,0.00,0.00,captured,setl_20260721_017
pay_000353,ord_000173,2026-07-16T13:14:00,678.00,upi,0.00,0.00,captured,setl_20260720_016
pay_000354,ord_000195,2026-07-16T17:41:00,236.00,upi,0.00,0.00,captured,setl_20260720_016
pay_000355,ord_000212,2026-07-16T11:08:00,5931.00,card,118.62,21.35,captured,setl_20260720_016
pay_000356,ord_000232,2026-07-16T13:11:00,4954.99,upi,0.00,0.00,captured,setl_20260720_016
pay_000357,ord_000280,2026-07-17T08:42:00,2173.50,upi,0.00,0.00,captured,setl_20260721_017
pay_000358,ord_000523,2026-07-16T22:22:00,13728.50,card,274.57,49.42,captured,setl_20260720_016
pay_000359,ord_000562,2026-07-16T16:53:00,1985.00,card,39.70,7.15,captured,setl_20260720_016
pay_000360,ord_000597,2026-07-17T09:31:00,14417.00,upi,0.00,0.00,captured,setl_20260721_017
pay_000361,ord_000644,2026-07-17T06:17:00,2155.00,upi,0.00,0.00,captured,setl_20260721_017
pay_000362,ord_000685,2026-07-17T08:50:00,35234.00,card,704.68,126.84,captured,setl_20260721_017
pay_000363,ord_000717,2026-07-16T22:03:00,226644.00,upi,0.00,0.00,captured,setl_20260720_016
pay_000364,ord_000760,2026-07-17T03:20:00,2041.00,upi,0.00,0.00,captured,setl_20260721_017
pay_000365,ord_000770,2026-07-16T19:26:00,544.50,upi,0.00,0.00,captured,setl_20260720_016
pay_000366,ord_000778,2026-07-16T17:30:00,1217.00,upi,0.00,0.00,captured,setl_20260720_016
pay_000367,ord_000785,2026-07-16T18:25:00,11522.99,upi,0.00,0.00,captured,setl_20260720_016
pay_000368,ord_000860,2026-07-17T11:41:00,14699.99,upi,0.00,0.00,captured,setl_20260721_017
pay_000369,ord_000866,2026-07-17T14:47:00,24780.00,netbanking,446.04,80.29,captured,setl_20260721_017
pay_000370,ord_000936,2026-07-16T15:25:00,672.50,upi,0.00,0.00,captured,setl_20260720_016
pay_000371,ord_000001,2026-07-17T18:37:00,13707.00,netbanking,246.73,44.41,captured,setl_20260721_017
pay_000372,ord_000054,2026-07-18T01:24:00,323.00,wallet,6.46,1.16,captured,setl_20260722_018
pay_000373,ord_000063,2026-07-17T11:37:00,2397.50,netbanking,43.16,7.77,captured,setl_20260721_017
pay_000374,ord_000087,2026-07-17T21:51:00,2379.00,card,47.58,8.56,captured,setl_20260721_017
pay_000375,ord_000190,2026-07-17T09:56:00,1490.00,upi,0.00,0.00,captured,setl_20260721_017
pay_000376,ord_000201,2026-07-17T12:05:00,46441.99,netbanking,835.96,150.47,captured,setl_20260721_017
pay_000377,ord_000204,2026-07-18T01:38:00,1898.00,card,37.96,6.83,captured,setl_20260722_018
pay_000378,ord_000342,2026-07-17T10:04:00,30501.00,upi,0.00,0.00,captured,setl_20260721_017
pay_000379,ord_000414,2026-07-18T06:27:00,858.50,card,17.17,3.09,captured,setl_20260722_018
pay_000380,ord_000430,2026-07-18T05:02:00,13756.00,upi,0.00,0.00,captured,setl_20260722_018
pay_000381,ord_000472,2026-07-18T13:39:00,650.50,upi,0.00,0.00,captured,setl_20260722_018
pay_000382,ord_000479,2026-07-18T13:30:00,2350.99,upi,0.00,0.00,captured,setl_20260722_018
pay_000383,ord_000572,2026-07-18T01:32:00,1416.00,netbanking,25.49,4.59,captured,setl_20260722_018
pay_000384,ord_000579,2026-07-17T10:57:00,2873.50,netbanking,51.72,9.31,captured,setl_20260721_017
pay_000385,ord_000697,2026-07-18T10:10:00,8533.00,wallet,170.66,30.72,captured,setl_20260722_018
pay_000386,ord_000730,2026-07-17T22:53:00,2273.50,card,45.47,8.18,captured,setl_20260721_017
pay_000387,ord_000851,2026-07-17T18:51:00,226.00,card,4.52,0.81,captured,setl_20260721_017
pay_000388,ord_000896,2026-07-18T14:08:00,2365.00,upi,0.00,0.00,captured,setl_20260722_018
pay_000389,ord_000899,2026-07-18T12:51:00,13568.50,card,271.37,48.85,captured,setl_20260722_018
pay_000390,ord_000950,2026-07-17T18:59:00,941.00,netbanking,16.94,3.05,captured,setl_20260721_017
pay_000391,ord_000994,2026-07-18T15:10:00,2281.00,upi,0.00,0.00,captured,setl_20260722_018
pay_000392,ord_000061,2026-07-19T00:18:00,1211.00,card,24.22,4.36,captured,setl_20260722_019
pay_000393,ord_000083,2026-07-18T09:49:00,709.00,upi,0.00,0.00,captured,setl_20260722_018
pay_000394,ord_000189,2026-07-19T11:18:00,1375.00,upi,0.00,0.00,captured,setl_20260722_019
pay_000395,ord_000205,2026-07-18T23:21:00,2462.00,upi,0.00,0.00,captured,setl_20260722_019
pay_000396,ord_000221,2026-07-19T12:15:00,12698.50,upi,0.00,0.00,captured,setl_20260722_019
pay_000397,ord_000260,2026-07-19T09:34:00,11425.99,netbanking,205.67,37.02,captured,setl_20260722_019
pay_000398,ord_000294,2026-07-18T15:20:00,391.00,card,7.82,1.41,captured,setl_20260722_018
pay_000399,ord_000335,2026-07-18T11:34:00,2005.99,card,40.12,7.22,captured,setl_20260722_018
pay_000400,ord_000744,2026-07-19T05:11:00,1185.00,netbanking,21.33,3.84,captured,setl_20260722_019
pay_000401,ord_000813,2026-07-19T09:27:00,447.00,wallet,8.94,1.61,captured,setl_20260722_019
pay_000402,ord_000879,2026-07-18T10:39:00,6179.50,card,123.59,22.25,captured,setl_20260722_018
pay_000403,ord_000889,2026-07-19T01:00:00,407.99,card,8.16,1.47,captured,setl_20260722_019
pay_000404,ord_000975,2026-07-19T12:13:00,1906.00,card,38.12,6.86,captured,setl_20260722_019
pay_000405,ord_000024,2026-07-19T21:09:00,2473.00,card,49.46,8.90,captured,setl_20260722_019
pay_000406,ord_000036,2026-07-19T11:59:00,1635.50,card,32.71,5.89,captured,setl_20260722_019
pay_000407,ord_000098,2026-07-19T10:00:00,5969.00,upi,0.00,0.00,captured,setl_20260722_019
pay_000408,ord_000141,2026-07-19T11:00:00,2606.00,card,52.12,9.38,captured,setl_20260722_019
pay_000409,ord_000155,2026-07-19T11:07:00,9338.00,upi,0.00,0.00,captured,setl_20260722_019
pay_000410,ord_000200,2026-07-20T14:36:00,52370.00,upi,0.00,0.00,captured,setl_20260722_020
pay_000411,ord_000207,2026-07-20T14:42:00,1032.50,upi,0.00,0.00,captured,setl_20260722_020
pay_000412,ord_000217,2026-07-20T09:13:00,346.00,card,6.92,1.25,captured,setl_20260722_020
pay_000413,ord_000267,2026-07-20T08:44:00,908.00,wallet,18.16,3.27,captured,setl_20260722_020
pay_000414,ord_000282,2026-07-19T21:26:00,1632.99,netbanking,29.39,5.29,captured,setl_20260722_019
pay_000415,ord_000329,2026-07-19T23:21:00,52926.00,upi,0.00,0.00,captured,setl_20260722_020
pay_000416,ord_000382,2026-07-20T15:40:00,1424.00,card,28.48,5.13,captured,setl_20260722_020
pay_000417,ord_000405,2026-07-19T15:09:00,2430.50,netbanking,43.75,7.88,captured,setl_20260722_019
pay_000418,ord_000427,2026-07-20T00:27:00,831.50,upi,0.00,0.00,captured,setl_20260722_020
pay_000419,ord_000475,2026-07-20T06:16:00,1775.99,netbanking,31.97,5.75,captured,setl_20260722_020
pay_000420,ord_000494,2026-07-20T06:38:00,5390.50,upi,0.00,0.00,captured,setl_20260722_020
pay_000421,ord_000060,2026-07-20T23:05:00,2378.00,card,47.56,8.56,captured,setl_20260723_021
pay_000422,ord_000088,2026-07-20T21:06:00,28614.50,upi,0.00,0.00,captured,setl_20260722_020
pay_000423,ord_000097,2026-07-20T11:12:00,2468.50,card,49.37,8.89,captured,setl_20260722_020
pay_000424,ord_000157,2026-07-21T05:08:00,2047.00,upi,0.00,0.00,captured,setl_20260723_021
pay_000425,ord_000161,2026-07-20T11:12:00,878.99,upi,0.00,0.00,captured,setl_20260722_020
pay_000426,ord_000259,2026-07-21T06:35:00,699.99,card,14.00,2.52,captured,setl_20260723_021
pay_000427,ord_000275,2026-07-21T07:41:00,2261.00,netbanking,40.70,7.33,captured,setl_20260723_021
pay_000428,ord_000299,2026-07-21T11:11:00,3780.00,upi,0.00,0.00,captured,setl_20260723_021
pay_000429,ord_000432,2026-07-20T18:59:00,3949.00,card,78.98,14.22,captured,setl_20260722_020
pay_000430,ord_000437,2026-07-20T22:34:00,1257.00,wallet,25.14,4.53,captured,setl_20260722_020
pay_000431,ord_000458,2026-07-20T12:21:00,10680.50,wallet,213.61,38.45,captured,setl_20260722_020
pay_000432,ord_000499,2026-07-21T13:02:00,1090.00,netbanking,19.62,3.53,captured,setl_20260723_021
pay_000433,ord_000558,2026-07-20T13:59:00,1883.00,upi,0.00,0.00,captured,setl_20260722_020
pay_000434,ord_000582,2026-07-21T02:03:00,2075.00,card,41.50,7.47,captured,setl_20260723_021
pay_000435,ord_000585,2026-07-20T09:54:00,64462.50,netbanking,1160.33,208.86,captured,setl_20260722_020
pay_000436,ord_000602,2026-07-21T14:41:00,2210.50,upi,0.00,0.00,captured,setl_20260723_021
pay_000437,ord_000624,2026-07-20T20:40:00,1720.00,card,34.40,6.19,captured,setl_20260722_020
pay_000438,ord_000691,2026-07-20T14:12:00,611.00,upi,0.00,0.00,captured,setl_20260722_020
pay_000439,ord_000715,2026-07-20T20:58:00,1771.00,upi,0.00,0.00,captured,setl_20260722_020
pay_000440,ord_000748,2026-07-21T05:11:00,312.00,wallet,6.24,1.12,captured,setl_20260723_021
pay_000441,ord_000755,2026-07-20T22:38:00,788.00,upi,0.00,0.00,captured,setl_20260722_020
pay_000442,ord_000806,2026-07-20T09:43:00,1749.00,wallet,34.98,6.30,captured,setl_20260722_020
pay_000443,ord_000809,2026-07-20T11:55:00,1545.00,card,30.90,5.56,captured,setl_20260722_020
pay_000444,ord_000826,2026-07-21T05:13:00,9615.00,card,192.30,34.61,captured,setl_20260723_021
pay_000445,ord_000840,2026-07-20T19:29:00,13912.50,upi,0.00,0.00,captured,setl_20260722_020
pay_000446,ord_000854,2026-07-20T17:51:00,476.99,card,9.54,1.72,captured,setl_20260722_020
pay_000447,ord_000876,2026-07-21T03:25:00,14570.99,card,291.42,52.46,captured,setl_20260723_021
pay_000448,ord_000880,2026-07-20T21:32:00,254.00,upi,0.00,0.00,captured,setl_20260722_020
pay_000449,ord_000884,2026-07-20T13:36:00,1278.00,card,25.56,4.60,captured,setl_20260722_020
pay_000450,ord_000893,2026-07-20T11:57:00,1027.99,upi,0.00,0.00,captured,setl_20260722_020
pay_000451,ord_000924,2026-07-21T03:24:00,1446.50,card,28.93,5.21,captured,setl_20260723_021
pay_000452,ord_000970,2026-07-21T14:06:00,12030.99,netbanking,216.56,38.98,captured,setl_20260723_021
pay_000453,ord_000171,2026-07-21T21:42:00,1934.00,card,38.68,6.96,captured,setl_20260723_021
pay_000454,ord_000223,2026-07-22T03:55:00,359.00,netbanking,6.46,1.16,captured,setl_20260724_022
pay_000455,ord_000239,2026-07-21T13:11:00,431.00,wallet,8.62,1.55,captured,setl_20260723_021
pay_000456,ord_000263,2026-07-22T14:51:00,650.00,upi,0.00,0.00,captured,setl_20260724_022
pay_000457,ord_000357,2026-07-21T18:23:00,1196.00,card,23.92,4.31,captured,setl_20260723_021
pay_000458,ord_000436,2026-07-22T14:01:00,6105.00,card,122.10,21.98,captured,setl_20260724_022
pay_000459,ord_000485,2026-07-22T09:19:00,10856.50,upi,0.00,0.00,captured,setl_20260724_022
pay_000460,ord_000485,2026-07-21T15:03:00,10856.50,card,217.13,39.08,captured,setl_20260723_021
pay_000461,ord_000507,2026-07-21T23:46:00,5922.00,netbanking,106.60,19.19,captured,setl_20260724_022
pay_000462,ord_000510,2026-07-21T14:01:00,11830.00,upi,0.00,0.00,captured,setl_20260723_021
pay_000463,ord_000540,2026-07-21T17:39:00,35673.00,card,713.46,128.42,captured,setl_20260723_021
pay_000464,ord_000569,2026-07-21T21:41:00,734.99,card,14.70,2.65,captured,setl_20260723_021
pay_000465,ord_000583,2026-07-21T14:47:00,14954.99,upi,0.00,0.00,captured,setl_20260723_021
pay_000466,ord_000611,2026-07-22T12:54:00,44235.00,upi,0.00,0.00,captured,setl_20260724_022
pay_000467,ord_000617,2026-07-21T09:48:00,719.00,upi,0.00,0.00,captured,setl_20260723_021
pay_000468,ord_000775,2026-07-22T08:13:00,1851.00,wallet,37.02,6.66,captured,setl_20260724_022
pay_000469,ord_000783,2026-07-22T13:26:00,1976.99,netbanking,35.59,6.41,captured,setl_20260724_022
pay_000470,ord_000967,2026-07-21T23:46:00,2374.00,card,47.48,8.55,captured,setl_20260724_022
pay_000471,ord_000031,2026-07-22T19:52:00,2381.99,card,47.64,8.58,captured,setl_20260724_022
pay_000472,ord_000040,2026-07-23T01:23:00,1980.00,card,39.60,7.13,captured,setl_20260727_023
pay_000473,ord_000056,2026-07-22T22:50:00,5130.99,card,102.62,18.47,captured,setl_20260724_022
pay_000474,ord_000108,2026-07-22T10:33:00,989.00,netbanking,17.80,3.20,captured,setl_20260724_022
pay_000475,ord_000147,2026-07-23T13:31:00,508.00,netbanking,9.14,1.65,captured,setl_20260727_023
pay_000476,ord_000151,2026-07-22T09:51:00,8150.00,upi,0.00,0.00,captured,setl_20260724_022
pay_000477,ord_000162,2026-07-23T14:10:00,14666.50,upi,0.00,0.00,captured,setl_20260727_023
pay_000478,ord_000210,2026-07-23T00:51:00,7500.00,card,150.00,27.00,captured,setl_20260727_023
pay_000479,ord_000249,2026-07-22T19:07:00,6237.00,card,124.74,22.45,captured,setl_20260724_022
pay_000480,ord_000251,2026-07-23T04:14:00,3109.50,upi,0.00,0.00,captured,setl_20260727_023
pay_000481,ord_000270,2026-07-23T03:56:00,11580.00,card,231.60,41.69,captured,setl_20260727_023
pay_000482,ord_000330,2026-07-22T21:50:00,48216.00,upi,0.00,0.00,captured,setl_20260724_022
pay_000483,ord_000367,2026-07-23T08:36:00,41236.00,netbanking,742.25,133.61,captured,setl_20260727_023
pay_000484,ord_000431,2026-07-22T13:19:00,3803.00,netbanking,68.45,12.32,captured,setl_20260724_022
pay_000485,ord_000433,2026-07-23T11:35:00,867.50,netbanking,15.62,2.81,captured,setl_20260727_023
pay_000486,ord_000462,2026-07-23T08:40:00,10572.00,netbanking,190.30,34.25,captured,setl_20260727_023
pay_000487,ord_000462,2026-07-23T04:00:00,10572.00,card,211.44,38.06,captured,setl_20260727_023
pay_000488,ord_000473,2026-07-22T11:29:00,13110.00,netbanking,235.98,42.48,captured,setl_20260724_022
pay_000489,ord_000496,2026-07-23T01:43:00,13136.00,upi,0.00,0.00,captured,setl_20260727_023
pay_000490,ord_000595,2026-07-23T12:50:00,4666.00,upi,0.00,0.00,captured,setl_20260727_023
pay_000491,ord_000637,2026-07-23T07:03:00,660.00,wallet,13.20,2.38,captured,setl_20260727_023
pay_000492,ord_000643,2026-07-22T10:54:00,271.50,upi,0.00,0.00,captured,setl_20260724_022
pay_000493,ord_000677,2026-07-23T08:57:00,1582.00,upi,0.00,0.00,captured,setl_20260727_023
pay_000494,ord_000716,2026-07-22T14:47:00,14535.99,card,290.72,52.33,captured,setl_20260724_022
pay_000495,ord_000731,2026-07-22T11:34:00,9087.00,netbanking,163.57,29.44,captured,setl_20260724_022
pay_000496,ord_000764,2026-07-22T09:49:00,1794.99,upi,0.00,0.00,captured,setl_20260724_022
pay_000497,ord_000796,2026-07-23T07:13:00,734.99,upi,0.00,0.00,captured,setl_20260727_023
pay_000498,ord_000881,2026-07-23T01:17:00,1088.50,upi,0.00,0.00,captured,setl_20260727_023
pay_000499,ord_000937,2026-07-23T06:52:00,9706.00,upi,0.00,0.00,captured,setl_20260727_023
pay_000500,ord_000984,2026-07-23T05:13:00,1123.99,wallet,22.48,4.05,captured,setl_20260727_023
pay_000501,ord_000045,2026-07-23T23:58:00,400.00,card,8.00,1.44,captured,setl_20260728_024
pay_000502,ord_000095,2026-07-24T14:25:00,2332.00,upi,0.00,0.00,captured,setl_20260728_024
pay_000503,ord_000119,2026-07-24T01:29:00,10019.50,card,200.39,36.07,captured,setl_20260728_024
pay_000504,ord_000222,2026-07-23T10:15:00,1121.00,wallet,22.42,4.04,captured,setl_20260727_023
pay_000505,ord_000315,2026-07-24T07:24:00,13810.00,upi,0.00,0.00,captured,setl_20260728_024
pay_000506,ord_000356,2026-07-24T01:37:00,1187.00,card,23.74,4.27,captured,setl_20260728_024
pay_000507,ord_000398,2026-07-23T23:48:00,647.99,netbanking,11.66,2.10,captured,setl_20260728_024
pay_000508,ord_000453,2026-07-24T05:10:00,12527.50,card,250.55,45.10,captured,setl_20260728_024
pay_000509,ord_000563,2026-07-23T20:11:00,10731.00,upi,0.00,0.00,captured,setl_20260727_023
pay_000510,ord_000590,2026-07-23T22:55:00,10740.00,upi,0.00,0.00,captured,setl_20260727_023
pay_000511,ord_000591,2026-07-23T21:52:00,40402.00,upi,0.00,0.00,captured,setl_20260727_023
pay_000512,ord_000609,2026-07-23T22:58:00,4588.00,upi,0.00,0.00,captured,setl_20260727_023
pay_000513,ord_000655,2026-07-23T09:17:00,38042.00,netbanking,684.76,123.26,captured,setl_20260727_023
pay_000514,ord_000690,2026-07-24T12:20:00,785.99,upi,0.00,0.00,captured,setl_20260728_024
pay_000515,ord_000894,2026-07-24T02:35:00,3009.50,netbanking,54.17,9.75,captured,setl_20260728_024
pay_000516,ord_000904,2026-07-23T09:13:00,2056.00,card,41.12,7.40,captured,setl_20260727_023
pay_000517,ord_000946,2026-07-23T11:17:00,14757.50,upi,0.00,0.00,captured,setl_20260727_023
pay_000518,ord_000953,2026-07-24T11:43:00,1770.50,netbanking,31.87,5.74,captured,setl_20260728_024
pay_000519,ord_000973,2026-07-24T12:32:00,7787.99,upi,0.00,0.00,captured,setl_20260728_024
pay_000520,ord_000076,2026-07-24T15:29:00,2110.00,wallet,42.20,7.60,captured,setl_20260728_024
pay_000521,ord_000148,2026-07-24T22:56:00,13383.00,upi,0.00,0.00,captured,setl_20260728_024
pay_000522,ord_000164,2026-07-25T13:08:00,1692.50,card,33.85,6.09,captured,setl_20260729_025
pay_000523,ord_000188,2026-07-24T19:14:00,1364.50,card,27.29,4.91,captured,setl_20260728_024
pay_000524,ord_000278,2026-07-24T17:59:00,2109.99,upi,0.00,0.00,captured,setl_20260728_024
pay_000525,ord_000284,2026-07-24T11:58:00,23254.00,upi,0.00,0.00,captured,setl_20260728_024
pay_000526,ord_000313,2026-07-25T05:18:00,2964.00,upi,0.00,0.00,captured,setl_20260729_025
pay_000527,ord_000353,2026-07-24T14:12:00,1886.50,card,37.73,6.79,captured,setl_20260728_024
pay_000528,ord_000387,2026-07-25T11:59:00,1031.00,card,20.62,3.71,captured,setl_20260729_025
pay_000529,ord_000506,2026-07-25T10:01:00,597.00,upi,0.00,0.00,captured,setl_20260729_025
pay_000530,ord_000506,2026-07-24T14:33:00,597.00,upi,0.00,0.00,captured,setl_20260728_024
pay_000531,ord_000553,2026-07-24T19:56:00,2144.50,wallet,42.89,7.72,captured,setl_20260728_024
pay_000532,ord_000567,2026-07-25T12:17:00,685.50,card,13.71,2.47,captured,setl_20260729_025
pay_000533,ord_000632,2026-07-24T14:40:00,14750.00,upi,0.00,0.00,captured,setl_20260728_024
pay_000534,ord_000750,2026-07-24T22:24:00,14735.99,netbanking,265.25,47.75,captured,setl_20260728_024
pay_000535,ord_000797,2026-07-25T12:39:00,8314.00,upi,0.00,0.00,captured,setl_20260729_025
pay_000536,ord_000960,2026-07-24T10:25:00,6203.00,upi,0.00,0.00,captured,setl_20260728_024
pay_000537,ord_000978,2026-07-24T17:09:00,1607.00,card,32.14,5.79,captured,setl_20260728_024
pay_000538,ord_000990,2026-07-25T01:49:00,3515.99,card,70.32,12.66,captured,setl_20260729_025
pay_000539,ord_001000,2026-07-24T12:06:00,5299.99,card,106.00,19.08,captured,setl_20260728_024
pay_000540,ord_000033,2026-07-25T18:48:00,5073.00,upi,0.00,0.00,captured,setl_20260729_025
pay_000541,ord_000059,2026-07-25T11:05:00,811.50,upi,0.00,0.00,captured,setl_20260729_025
pay_000542,ord_000081,2026-07-25T14:19:00,10679.99,netbanking,192.24,34.60,captured,setl_20260729_025
pay_000543,ord_000086,2026-07-26T01:51:00,448.00,upi,0.00,0.00,captured,setl_20260729_026
pay_000544,ord_000112,2026-07-26T13:34:00,1811.00,card,36.22,6.52,captured,setl_20260729_026
pay_000545,ord_000136,2026-07-25T12:09:00,2045.00,upi,0.00,0.00,captured,setl_20260729_025
pay_000546,ord_000230,2026-07-25T17:57:00,2097.99,card,41.96,7.55,captured,setl_20260729_025
pay_000547,ord_000292,2026-07-26T15:49:00,901.00,wallet,18.02,3.24,captured,setl_20260729_026
pay_000548,ord_000296,2026-07-25T10:14:00,10396.50,upi,0.00,0.00,captured,setl_20260729_025
pay_000549,ord_000321,2026-07-25T20:15:00,10729.50,wallet,214.59,38.63,captured,setl_20260729_025
pay_000550,ord_000489,2026-07-26T07:21:00,4789.00,upi,0.00,0.00,captured,setl_20260729_026
pay_000551,ord_000638,2026-07-26T06:36:00,50442.99,card,1008.86,181.59,captured,setl_20260729_026
pay_000552,ord_000665,2026-07-26T09:53:00,4821.00,upi,0.00,0.00,captured,setl_20260729_026
pay_000553,ord_000683,2026-07-26T10:17:00,1243.00,card,24.86,4.47,captured,setl_20260729_026
pay_000554,ord_000729,2026-07-25T10:55:00,1078.99,card,21.58,3.88,captured,setl_20260729_025
pay_000555,ord_000874,2026-07-25T16:46:00,283.00,upi,0.00,0.00,captured,setl_20260729_025
pay_000556,ord_000885,2026-07-26T11:22:00,1850.99,netbanking,33.32,6.00,captured,setl_20260729_026
pay_000557,ord_000931,2026-07-26T11:55:00,3912.00,card,78.24,14.08,captured,setl_20260729_026
pay_000558,ord_000943,2026-07-26T04:10:00,65788.00,card,1315.76,236.84,captured,setl_20260729_026
pay_000559,ord_000959,2026-07-26T09:56:00,1755.00,upi,0.00,0.00,captured,setl_20260729_026
pay_000560,ord_000114,2026-07-27T01:19:00,12233.99,upi,0.00,0.00,captured,setl_20260729_027
pay_000561,ord_000175,2026-07-26T10:18:00,2307.00,netbanking,41.53,7.48,captured,setl_20260729_026
pay_000562,ord_000231,2026-07-26T12:09:00,889.50,card,17.79,3.20,captured,setl_20260729_026
pay_000563,ord_000252,2026-07-26T14:23:00,1802.99,upi,0.00,0.00,captured,setl_20260729_026
pay_000564,ord_000261,2026-07-27T12:10:00,929.00,upi,0.00,0.00,captured,setl_20260729_027
pay_000565,ord_000314,2026-07-27T11:39:00,5260.50,upi,0.00,0.00,captured,setl_20260729_027
pay_000566,ord_000317,2026-07-27T07:43:00,6185.00,wallet,123.70,22.27,captured,setl_20260729_027
pay_000567,ord_000317,2026-07-27T08:28:00,6185.00,card,123.70,22.27,captured,setl_20260729_027
pay_000568,ord_000334,2026-07-27T00:27:00,2350.00,upi,0.00,0.00,captured,setl_20260729_027
pay_000569,ord_000352,2026-07-26T10:08:00,1636.50,upi,0.00,0.00,captured,setl_20260729_026
pay_000570,ord_000352,2026-07-27T05:27:00,1636.50,netbanking,29.46,5.30,captured,setl_20260729_027
pay_000571,ord_000446,2026-07-26T15:40:00,75793.00,card,1515.86,272.85,captured,setl_20260729_026
pay_000572,ord_000454,2026-07-27T11:23:00,2165.00,upi,0.00,0.00,captured,setl_20260729_027
pay_000573,ord_000659,2026-07-26T15:12:00,219.50,upi,0.00,0.00,captured,setl_20260729_026
pay_000574,ord_000758,2026-07-26T16:34:00,968.50,card,19.37,3.49,captured,setl_20260729_026
pay_000575,ord_000780,2026-07-27T11:12:00,7035.00,card,140.70,25.33,captured,setl_20260729_027
pay_000576,ord_000828,2026-07-27T06:50:00,1188.99,netbanking,21.40,3.85,captured,setl_20260729_027
pay_000577,ord_000864,2026-07-27T13:00:00,66098.00,wallet,1321.96,237.95,captured,setl_20260729_027
pay_000578,ord_000947,2026-07-26T11:44:00,4308.00,upi,0.00,0.00,captured,setl_20260729_026
pay_000579,ord_000956,2026-07-26T17:33:00,2481.00,upi,0.00,0.00,captured,setl_20260729_026
pay_000580,ord_000976,2026-07-26T14:22:00,2028.50,upi,0.00,0.00,captured,setl_20260729_026
pay_000581,ord_000979,2026-07-27T08:39:00,12115.00,upi,0.00,0.00,captured,setl_20260729_027
pay_000582,ord_000989,2026-07-27T09:56:00,1024.00,upi,0.00,0.00,captured,setl_20260729_027
pay_000583,ord_000062,2026-07-27T14:56:00,333780.50,card,6675.61,1201.61,captured,setl_20260729_027
pay_000584,ord_000085,2026-07-28T13:10:00,2929.50,card,58.59,10.55,captured,setl_20260730_028
pay_000585,ord_000152,2026-07-28T00:31:00,535.99,card,10.72,1.93,captured,setl_20260730_028
pay_000586,ord_000182,2026-07-28T00:02:00,842.00,upi,0.00,0.00,captured,setl_20260730_028
pay_000587,ord_000209,2026-07-27T19:19:00,52157.00,netbanking,938.83,168.99,captured,setl_20260729_027
pay_000588,ord_000271,2026-07-28T07:01:00,1419.00,upi,0.00,0.00,captured,setl_20260730_028
pay_000589,ord_000271,2026-07-27T18:40:00,1419.00,upi,0.00,0.00,captured,setl_20260729_027
pay_000590,ord_000288,2026-07-27T14:38:00,8678.00,netbanking,156.20,28.12,captured,setl_20260729_027
pay_000591,ord_000368,2026-07-27T20:00:00,1423.00,card,28.46,5.12,captured,setl_20260729_027
pay_000592,ord_000421,2026-07-28T06:15:00,11428.00,netbanking,205.70,37.03,captured,setl_20260730_028
pay_000593,ord_000429,2026-07-28T08:22:00,3960.00,netbanking,71.28,12.83,captured,setl_20260730_028
pay_000594,ord_000490,2026-07-27T21:42:00,12726.00,netbanking,229.07,41.23,captured,setl_20260729_027
pay_000595,ord_000520,2026-07-28T14:09:00,1102.00,upi,0.00,0.00,captured,setl_20260730_028
pay_000596,ord_000594,2026-07-28T15:57:00,2015.00,upi,0.00,0.00,captured,setl_20260730_028
pay_000597,ord_000610,2026-07-28T00:22:00,278.99,card,5.58,1.00,captured,setl_20260730_028
pay_000598,ord_000640,2026-07-27T12:16:00,1745.99,wallet,34.92,6.29,captured,setl_20260729_027
pay_000599,ord_000646,2026-07-28T07:42:00,1981.00,upi,0.00,0.00,captured,setl_20260730_028
pay_000600,ord_000666,2026-07-27T20:52:00,13734.99,card,274.70,49.45,captured,setl_20260729_027
pay_000601,ord_000666,2026-07-27T15:32:00,13734.99,upi,0.00,0.00,captured,setl_20260729_027
pay_000602,ord_000686,2026-07-28T02:22:00,3755.00,upi,0.00,0.00,captured,setl_20260730_028
pay_000603,ord_000791,2026-07-28T15:28:00,9399.00,card,187.98,33.84,captured,setl_20260730_028
pay_000604,ord_000793,2026-07-28T06:34:00,2138.50,upi,0.00,0.00,captured,setl_20260730_028
pay_000605,ord_000794,2026-07-27T12:08:00,1046.00,netbanking,18.83,3.39,captured,setl_20260729_027
pay_000606,ord_000804,2026-07-28T01:06:00,1802.99,upi,0.00,0.00,captured,setl_20260730_028
pay_000607,ord_000898,2026-07-27T20:45:00,599.00,upi,0.00,0.00,captured,setl_20260729_027
pay_000608,ord_000905,2026-07-27T12:23:00,1693.00,card,33.86,6.09,captured,setl_20260729_027
pay_000609,ord_000906,2026-07-28T10:11:00,13686.99,netbanking,246.37,44.35,captured,setl_20260730_028
pay_000610,ord_000928,2026-07-27T18:28:00,4518.00,upi,0.00,0.00,captured,setl_20260729_027
pay_000611,ord_000997,2026-07-27T21:15:00,14002.00,card,280.04,50.41,captured,setl_20260729_027
pay_000612,ord_000006,2026-07-29T03:58:00,1250.00,card,25.00,4.50,captured,setl_20260731_029
pay_000613,ord_000008,2026-07-29T06:17:00,1959.00,card,39.18,7.05,captured,setl_20260731_029
pay_000614,ord_000017,2026-07-29T07:03:00,6184.00,upi,0.00,0.00,captured,setl_20260731_029
pay_000615,ord_000035,2026-07-28T09:46:00,1199.99,upi,0.00,0.00,captured,setl_20260730_028
pay_000616,ord_000071,2026-07-28T20:54:00,6198.50,netbanking,111.57,20.08,captured,setl_20260730_028
pay_000617,ord_000071,2026-07-28T23:29:00,6198.50,netbanking,111.57,20.08,captured,setl_20260731_029
pay_000618,ord_000107,2026-07-28T12:38:00,1660.00,upi,0.00,0.00,captured,setl_20260730_028
pay_000619,ord_000113,2026-07-28T22:20:00,2473.00,wallet,49.46,8.90,captured,setl_20260730_028
pay_000620,ord_000118,2026-07-29T12:59:00,1938.00,netbanking,34.88,6.28,captured,setl_20260731_029
pay_000621,ord_000198,2026-07-29T02:12:00,1931.99,upi,0.00,0.00,captured,setl_20260731_029
pay_000622,ord_000242,2026-07-28T20:03:00,1071.99,upi,0.00,0.00,captured,setl_20260730_028
pay_000623,ord_000318,2026-07-29T14:54:00,4344.00,upi,0.00,0.00,captured,setl_20260731_029
pay_000624,ord_000345,2026-07-28T12:25:00,1062.00,card,21.24,3.82,captured,setl_20260730_028
pay_000625,ord_000366,2026-07-29T00:58:00,1672.50,netbanking,30.11,5.42,captured,setl_20260731_029
pay_000626,ord_000393,2026-07-28T18:37:00,1244.00,wallet,24.88,4.48,captured,setl_20260730_028
pay_000627,ord_000415,2026-07-28T18:29:00,1527.00,upi,0.00,0.00,captured,setl_20260730_028
pay_000628,ord_000420,2026-07-29T03:39:00,36917.50,netbanking,664.52,119.61,captured,setl_20260731_029
pay_000629,ord_000420,2026-07-29T11:28:00,36917.50,wallet,738.35,132.90,captured,setl_20260731_029
pay_000630,ord_000442,2026-07-28T10:55:00,12839.99,upi,0.00,0.00,captured,setl_20260730_028
pay_000631,ord_000460,2026-07-29T07:08:00,7325.00,card,146.50,26.37,captured,setl_20260731_029
pay_000632,ord_000481,2026-07-28T14:32:00,79130.00,upi,0.00,0.00,captured,setl_20260730_028
pay_000633,ord_000635,2026-07-29T13:04:00,957.50,card,19.15,3.45,captured,setl_20260731_029
pay_000634,ord_000656,2026-07-28T13:38:00,27442.00,netbanking,493.96,88.91,captured,setl_20260730_028
pay_000635,ord_000710,2026-07-28T21:46:00,1269.50,card,25.39,4.57,captured,setl_20260730_028
pay_000636,ord_000754,2026-07-29T13:19:00,18669.00,wallet,373.38,67.21,captured,setl_20260731_029
pay_000637,ord_000786,2026-07-28T15:27:00,3838.00,netbanking,69.08,12.43,captured,setl_20260730_028
pay_000638,ord_000825,2026-07-29T05:21:00,1422.00,card,28.44,5.12,captured,setl_20260731_029
pay_000639,ord_000858,2026-07-29T04:41:00,50154.99,upi,0.00,0.00,captured,setl_20260731_029
pay_000640,ord_000891,2026-07-28T13:02:00,9090.00,card,181.80,32.72,captured,setl_20260730_028
pay_000641,ord_000897,2026-07-28T09:28:00,5127.00,netbanking,92.29,16.61,captured,setl_20260730_028
pay_000642,ord_000044,2026-07-29T18:18:00,9614.00,upi,0.00,0.00,captured,setl_20260731_029
pay_000643,ord_000142,2026-07-30T15:20:00,958.00,upi,0.00,0.00,captured,setl_20260803_030
pay_000644,ord_000235,2026-07-30T02:11:00,1690.00,upi,0.00,0.00,captured,setl_20260803_030
pay_000645,ord_000245,2026-07-29T13:39:00,7318.00,wallet,146.36,26.34,captured,setl_20260731_029
pay_000646,ord_000268,2026-07-30T00:05:00,469.99,wallet,9.40,1.69,captured,setl_20260803_030
pay_000647,ord_000277,2026-07-29T13:21:00,2057.00,upi,0.00,0.00,captured,setl_20260731_029
pay_000648,ord_000308,2026-07-30T07:35:00,9695.00,card,193.90,34.90,captured,setl_20260803_030
pay_000649,ord_000323,2026-07-29T22:33:00,12077.00,upi,0.00,0.00,captured,setl_20260731_029
pay_000650,ord_000369,2026-07-30T15:38:00,22532.00,upi,0.00,0.00,captured,setl_20260803_030
pay_000651,ord_000374,2026-07-30T00:29:00,30888.00,card,617.76,111.20,captured,setl_20260803_030
pay_000652,ord_000379,2026-07-29T23:15:00,344.00,netbanking,6.19,1.11,captured,setl_20260803_030
pay_000653,ord_000385,2026-07-30T05:01:00,6938.99,card,138.78,24.98,captured,setl_20260803_030
pay_000654,ord_000403,2026-07-30T14:56:00,8279.99,card,165.60,29.81,captured,setl_20260803_030
pay_000655,ord_000406,2026-07-29T21:19:00,612.00,netbanking,11.02,1.98,captured,setl_20260731_029
pay_000656,ord_000444,2026-07-30T06:37:00,9738.00,card,194.76,35.06,captured,setl_20260803_030
pay_000657,ord_000466,2026-07-29T17:41:00,1126.00,card,22.52,4.05,captured,setl_20260731_029
pay_000658,ord_000492,2026-07-29T20:28:00,2458.00,upi,0.00,0.00,captured,setl_20260731_029
pay_000659,ord_000521,2026-07-30T04:54:00,1747.00,card,34.94,6.29,captured,setl_20260803_030
pay_000660,ord_000568,2026-07-29T23:43:00,322.99,card,6.46,1.16,captured,setl_20260803_030
pay_000661,ord_000589,2026-07-29T09:03:00,4400.50,upi,0.00,0.00,captured,setl_20260731_029
pay_000662,ord_000642,2026-07-29T11:09:00,2201.00,card,44.02,7.92,captured,setl_20260731_029
pay_000663,ord_000722,2026-07-29T13:13:00,2451.99,card,49.04,8.83,captured,setl_20260731_029
pay_000664,ord_000820,2026-07-30T06:11:00,11693.00,upi,0.00,0.00,captured,setl_20260803_030
pay_000665,ord_000820,2026-07-30T05:03:00,11693.00,netbanking,210.47,37.88,captured,setl_20260803_030
pay_000666,ord_000831,2026-07-29T15:49:00,1834.00,card,36.68,6.60,captured,setl_20260731_029
pay_000667,ord_000877,2026-07-29T10:03:00,5533.00,card,110.66,19.92,captured,setl_20260731_029
pay_000668,ord_000930,2026-07-29T19:29:00,561.00,upi,0.00,0.00,captured,setl_20260731_029
pay_000669,ord_000013,2026-07-31T01:39:00,8984.00,upi,0.00,0.00,captured,setl_20260804_031
pay_000670,ord_000125,2026-07-31T07:31:00,2204.99,card,44.10,7.94,captured,setl_20260804_031
pay_000671,ord_000134,2026-07-31T03:31:00,468.50,netbanking,8.43,1.52,captured,setl_20260804_031
pay_000672,ord_000225,2026-07-30T10:23:00,59151.00,upi,0.00,0.00,captured,setl_20260803_030
pay_000673,ord_000257,2026-07-31T04:21:00,696.00,card,13.92,2.51,captured,setl_20260804_031
pay_000674,ord_000304,2026-07-31T05:22:00,725.00,upi,0.00,0.00,captured,setl_20260804_031
pay_000675,ord_000307,2026-07-30T22:13:00,12786.99,card,255.74,46.03,captured,setl_20260803_030
pay_000676,ord_000327,2026-07-31T05:53:00,2250.50,card,45.01,8.10,captured,setl_20260804_031
pay_000677,ord_000378,2026-07-30T14:26:00,1881.00,upi,0.00,0.00,captured,setl_20260803_030
pay_000678,ord_000417,2026-07-31T06:03:00,9283.00,upi,0.00,0.00,captured,setl_20260804_031
pay_000679,ord_000448,2026-07-30T13:30:00,12014.50,upi,0.00,0.00,captured,setl_20260803_030
pay_000680,ord_000502,2026-07-30T16:03:00,1892.50,upi,0.00,0.00,captured,setl_20260803_030
pay_000681,ord_000511,2026-07-30T16:37:00,7255.00,netbanking,130.59,23.51,captured,setl_20260803_030
pay_000682,ord_000688,2026-07-30T12:31:00,1548.00,card,30.96,5.57,captured,setl_20260803_030
pay_000683,ord_000724,2026-07-30T13:41:00,10586.99,upi,0.00,0.00,captured,setl_20260803_030
pay_000684,ord_000736,2026-07-30T21:23:00,1217.99,upi,0.00,0.00,captured,setl_20260803_030
pay_000685,ord_000814,2026-07-30T16:04:00,1784.00,upi,0.00,0.00,captured,setl_20260803_030
pay_000686,ord_000841,2026-07-31T11:09:00,829.00,netbanking,14.92,2.69,captured,setl_20260804_031
pay_000687,ord_000870,2026-07-30T10:36:00,1721.00,upi,0.00,0.00,captured,setl_20260803_030
pay_000688,ord_000915,2026-07-30T19:23:00,2187.50,wallet,43.75,7.88,captured,setl_20260803_030
pay_000689,ord_000921,2026-07-31T09:58:00,1315.00,upi,0.00,0.00,captured,setl_20260804_031
pay_000690,ord_000941,2026-07-31T00:46:00,2218.00,wallet,44.36,7.98,captured,setl_20260804_031
pay_000691,ord_000955,2026-07-30T10:26:00,386.00,netbanking,6.95,1.25,captured,setl_20260803_030
pay_000692,ord_000032,2026-08-01T07:45:00,7358.00,upi,0.00,0.00,captured,setl_20260805_032
pay_000693,ord_000048,2026-08-01T03:15:00,1612.00,upi,0.00,0.00,captured,setl_20260805_032
pay_000694,ord_000103,2026-07-31T13:35:00,4546.00,upi,0.00,0.00,captured,setl_20260804_031
pay_000695,ord_000158,2026-08-01T12:50:00,9487.99,card,189.76,34.16,captured,setl_20260805_032
pay_000696,ord_000227,2026-07-31T10:00:00,1614.00,card,32.28,5.81,captured,setl_20260804_031
pay_000697,ord_000228,2026-07-31T09:25:00,12150.00,wallet,243.00,43.74,captured,setl_20260804_031
pay_000698,ord_000293,2026-07-31T14:14:00,1673.50,upi,0.00,0.00,captured,setl_20260804_031
pay_000699,ord_000322,2026-07-31T14:56:00,384.99,card,7.70,1.39,captured,setl_20260804_031
pay_000700,ord_000333,2026-08-01T10:02:00,1293.00,upi,0.00,0.00,captured,setl_20260805_032
pay_000701,ord_000338,2026-07-31T19:12:00,530.00,upi,0.00,0.00,captured,setl_20260804_031
pay_000702,ord_000350,2026-07-31T22:09:00,12321.00,upi,0.00,0.00,captured,setl_20260804_031
pay_000703,ord_000407,2026-08-01T13:03:00,477.00,netbanking,8.59,1.55,captured,setl_20260805_032
pay_000704,ord_000457,2026-08-01T00:43:00,10687.50,netbanking,192.38,34.63,captured,setl_20260805_032
pay_000705,ord_000493,2026-08-01T06:58:00,1199.00,card,23.98,4.32,captured,setl_20260805_032
pay_000706,ord_000576,2026-07-31T19:31:00,1495.00,card,29.90,5.38,captured,setl_20260804_031
pay_000707,ord_000667,2026-08-01T01:22:00,1651.00,upi,0.00,0.00,captured,setl_20260805_032
pay_000708,ord_000696,2026-08-01T04:57:00,1001.00,upi,0.00,0.00,captured,setl_20260805_032
pay_000709,ord_000699,2026-08-01T09:36:00,468.00,card,9.36,1.68,captured,setl_20260805_032
pay_000710,ord_000702,2026-07-31T21:15:00,12733.00,upi,0.00,0.00,captured,setl_20260804_031
pay_000711,ord_000746,2026-08-01T09:37:00,302.00,wallet,6.04,1.09,captured,setl_20260805_032
pay_000712,ord_000765,2026-08-01T00:10:00,2361.99,netbanking,42.52,7.65,captured,setl_20260805_032
pay_000713,ord_000810,2026-08-01T02:07:00,1919.99,upi,0.00,0.00,captured,setl_20260805_032
pay_000714,ord_000830,2026-08-01T11:58:00,1458.00,card,29.16,5.25,captured,setl_20260805_032
pay_000715,ord_000832,2026-07-31T18:06:00,49790.00,wallet,995.80,179.24,captured,setl_20260804_031
pay_000716,ord_000836,2026-07-31T17:05:00,10248.50,upi,0.00,0.00,captured,setl_20260804_031
pay_000717,ord_000839,2026-08-01T05:36:00,13094.99,upi,0.00,0.00,captured,setl_20260805_032
pay_000718,ord_000848,2026-08-01T15:25:00,70507.00,card,1410.14,253.83,captured,setl_20260805_032
pay_000719,ord_000018,2026-08-02T07:13:00,9792.00,card,195.84,35.25,captured,setl_20260805_033
pay_000720,ord_000094,2026-08-02T10:56:00,655.00,upi,0.00,0.00,captured,setl_20260805_033
pay_000721,ord_000104,2026-08-02T14:38:00,6904.50,upi,0.00,0.00,captured,setl_20260805_033
pay_000722,ord_000111,2026-08-02T12:39:00,5026.99,card,100.54,18.10,captured,setl_20260805_033
pay_000723,ord_000156,2026-08-02T05:30:00,2395.50,card,47.91,8.62,captured,setl_20260805_033
pay_000724,ord_000218,2026-08-02T03:28:00,10317.99,netbanking,185.72,33.43,captured,setl_20260805_033
pay_000725,ord_000279,2026-08-02T04:04:00,13327.00,card,266.54,47.98,captured,setl_20260805_033
pay_000726,ord_000287,2026-08-01T19:48:00,1424.00,netbanking,25.63,4.61,captured,setl_20260805_032
pay_000727,ord_000331,2026-08-02T01:58:00,12118.00,upi,0.00,0.00,captured,setl_20260805_033
pay_000728,ord_000451,2026-08-01T12:39:00,635.00,card,12.70,2.29,captured,setl_20260805_032
pay_000729,ord_000487,2026-08-01T23:09:00,3355.00,upi,0.00,0.00,captured,setl_20260805_033
pay_000730,ord_000548,2026-08-02T00:44:00,2280.99,card,45.62,8.21,captured,setl_20260805_033
pay_000731,ord_000557,2026-08-02T09:55:00,1339.00,upi,0.00,0.00,captured,setl_20260805_033
pay_000732,ord_000557,2026-08-01T23:44:00,1339.00,upi,0.00,0.00,captured,setl_20260805_033
pay_000733,ord_000601,2026-08-02T09:12:00,313.99,card,6.28,1.13,captured,setl_20260805_033
pay_000734,ord_000616,2026-08-02T06:42:00,1803.00,card,36.06,6.49,captured,setl_20260805_033
pay_000735,ord_000801,2026-08-02T07:01:00,7498.00,upi,0.00,0.00,captured,setl_20260805_033
pay_000736,ord_000925,2026-08-01T20:00:00,1035.50,upi,0.00,0.00,captured,setl_20260805_032
pay_000737,ord_000981,2026-08-01T17:25:00,2619.00,upi,0.00,0.00,captured,setl_20260805_032
pay_000738,ord_000986,2026-08-02T00:25:00,7754.00,upi,0.00,0.00,captured,setl_20260805_033
pay_000739,ord_000073,2026-08-02T23:00:00,14948.00,upi,0.00,0.00,captured,setl_20260805_034
pay_000740,ord_000082,2026-08-02T12:06:00,2019.99,upi,0.00,0.00,captured,setl_20260805_033
pay_000741,ord_000116,2026-08-03T14:15:00,784.99,card,15.70,2.83,captured,setl_20260805_034
pay_000742,ord_000215,2026-08-03T15:26:00,1420.00,upi,0.00,0.00,captured,setl_20260805_034
pay_000743,ord_000237,2026-08-03T12:27:00,1228.99,wallet,24.58,4.42,captured,setl_20260805_034
pay_000744,ord_000243,2026-08-03T14:58:00,2594.00,upi,0.00,0.00,captured,setl_20260805_034
pay_000745,ord_000247,2026-08-03T07:33:00,13375.00,upi,0.00,0.00,captured,setl_20260805_034
pay_000746,ord_000262,2026-08-03T03:33:00,10683.00,upi,0.00,0.00,captured,setl_20260805_034
pay_000747,ord_000295,2026-08-03T13:42:00,1096.00,netbanking,19.73,3.55,captured,setl_20260805_034
pay_000748,ord_000306,2026-08-03T06:25:00,13659.00,upi,0.00,0.00,captured,setl_20260805_034
pay_000749,ord_000346,2026-08-03T12:08:00,1104.99,card,22.10,3.98,captured,setl_20260805_034
pay_000750,ord_000380,2026-08-02T18:50:00,7994.00,upi,0.00,0.00,captured,setl_20260805_033
pay_000751,ord_000381,2026-08-02T16:45:00,1656.00,upi,0.00,0.00,captured,setl_20260805_033
pay_000752,ord_000426,2026-08-03T06:23:00,2003.00,upi,0.00,0.00,captured,setl_20260805_034
pay_000753,ord_000470,2026-08-02T17:18:00,13049.00,card,260.98,46.98,captured,setl_20260805_033
pay_000754,ord_000500,2026-08-03T08:45:00,8495.00,upi,0.00,0.00,captured,setl_20260805_034
pay_000755,ord_000504,2026-08-02T19:09:00,1484.00,card,29.68,5.34,captured,setl_20260805_033
pay_000756,ord_000504,2026-08-03T05:42:00,1484.00,upi,0.00,0.00,captured,setl_20260805_034
pay_000757,ord_000516,2026-08-03T04:53:00,11753.00,card,235.06,42.31,captured,setl_20260805_034
pay_000758,ord_000565,2026-08-03T00:20:00,2187.00,upi,0.00,0.00,captured,setl_20260805_034
pay_000759,ord_000592,2026-08-03T13:47:00,368.99,upi,0.00,0.00,captured,setl_20260805_034
pay_000760,ord_000596,2026-08-02T09:40:00,13100.00,wallet,262.00,47.16,captured,setl_20260805_033
pay_000761,ord_000614,2026-08-03T11:45:00,1957.99,upi,0.00,0.00,captured,setl_20260805_034
pay_000762,ord_000622,2026-08-02T18:59:00,12491.00,netbanking,224.84,40.47,captured,setl_20260805_033
pay_000763,ord_000721,2026-08-02T17:48:00,7402.00,card,148.04,26.65,captured,setl_20260805_033
pay_000764,ord_000723,2026-08-02T10:41:00,5128.00,netbanking,92.30,16.61,captured,setl_20260805_033
pay_000765,ord_000737,2026-08-02T12:40:00,3958.00,upi,0.00,0.00,captured,setl_20260805_033
pay_000766,ord_000738,2026-08-03T00:10:00,394.00,upi,0.00,0.00,captured,setl_20260805_034
pay_000767,ord_000769,2026-08-02T14:14:00,13546.00,netbanking,243.83,43.89,captured,setl_20260805_033
pay_000768,ord_000842,2026-08-02T22:53:00,254571.00,card,5091.42,916.46,captured,setl_20260805_033
pay_000769,ord_000050,2026-08-03T23:36:00,43870.00,netbanking,789.66,142.14,captured,setl_20260806_035
pay_000770,ord_000135,2026-08-03T16:02:00,430.00,upi,0.00,0.00,captured,setl_20260805_034
pay_000771,ord_000297,2026-08-03T22:05:00,62219.99,netbanking,1119.96,201.59,captured,setl_20260805_034
pay_000772,ord_000302,2026-08-04T10:43:00,10918.50,card,218.37,39.31,captured,setl_20260806_035
pay_000773,ord_000422,2026-08-03T16:11:00,8308.99,upi,0.00,0.00,captured,setl_20260805_034
pay_000774,ord_000495,2026-08-03T15:44:00,1850.99,card,37.02,6.66,captured,setl_20260805_034
pay_000775,ord_000505,2026-08-03T19:17:00,23797.50,card,475.95,85.67,captured,setl_20260805_034
pay_000776,ord_000547,2026-08-03T13:17:00,2379.00,upi,0.00,0.00,captured,setl_20260805_034
pay_000777,ord_000619,2026-08-04T13:59:00,2424.00,card,48.48,8.73,captured,setl_20260806_035
pay_000778,ord_000834,2026-08-03T17:27:00,699.00,wallet,13.98,2.52,captured,setl_20260805_034
pay_000779,ord_000053,2026-08-04T14:26:00,2433.00,card,48.66,8.76,captured,setl_20260806_035
pay_000780,ord_000220,2026-08-05T04:23:00,1305.00,upi,0.00,0.00,captured,setl_20260807_036
pay_000781,ord_000224,2026-08-04T12:48:00,58794.99,wallet,1175.90,211.66,captured,setl_20260806_035
pay_000782,ord_000384,2026-08-04T22:59:00,1900.99,card,38.02,6.84,captured,setl_20260806_035
pay_000783,ord_000438,2026-08-05T04:58:00,1349.99,upi,0.00,0.00,captured,setl_20260807_036
pay_000784,ord_000486,2026-08-04T21:17:00,8516.00,upi,0.00,0.00,captured,setl_20260806_035
pay_000785,ord_000689,2026-08-05T06:23:00,13588.00,netbanking,244.58,44.02,captured,setl_20260807_036
pay_000786,ord_000733,2026-08-04T09:26:00,735.00,upi,0.00,0.00,captured,setl_20260806_035
pay_000787,ord_000735,2026-08-04T15:19:00,1531.99,upi,0.00,0.00,captured,setl_20260806_035
pay_000788,ord_000742,2026-08-04T22:29:00,1336.00,card,26.72,4.81,captured,setl_20260806_035
pay_000789,ord_000747,2026-08-04T14:34:00,10859.00,card,217.18,39.09,captured,setl_20260806_035
pay_000790,ord_000771,2026-08-05T09:03:00,54785.00,card,1095.70,197.23,captured,setl_20260807_036
pay_000791,ord_000789,2026-08-05T00:32:00,1148.00,netbanking,20.66,3.72,captured,setl_20260807_036
pay_000792,ord_000837,2026-08-05T01:14:00,949.99,upi,0.00,0.00,captured,setl_20260807_036
pay_000793,ord_000895,2026-08-05T02:27:00,644.99,card,12.90,2.32,captured,setl_20260807_036
pay_000794,ord_000958,2026-08-05T13:35:00,1838.99,upi,0.00,0.00,captured,setl_20260807_036
pay_000795,ord_000010,2026-08-06T06:14:00,4709.50,upi,0.00,0.00,captured,setl_20260810_037
pay_000796,ord_000089,2026-08-06T01:33:00,563.00,upi,0.00,0.00,captured,setl_20260810_037
pay_000797,ord_000213,2026-08-06T04:47:00,2090.50,card,41.81,7.53,captured,setl_20260810_037
pay_000798,ord_000255,2026-08-05T11:37:00,596.00,card,11.92,2.15,captured,setl_20260807_036
pay_000799,ord_000255,2026-08-06T08:25:00,596.00,netbanking,10.73,1.93,captured,setl_20260810_037
pay_000800,ord_000258,2026-08-05T10:34:00,365.99,upi,0.00,0.00,captured,setl_20260807_036
pay_000801,ord_000341,2026-08-05T14:30:00,597.50,netbanking,10.76,1.94,captured,setl_20260807_036
pay_000802,ord_000348,2026-08-06T08:28:00,1680.00,card,33.60,6.05,captured,setl_20260810_037
pay_000803,ord_000360,2026-08-05T17:19:00,16552.00,upi,0.00,0.00,captured,setl_20260807_036
pay_000804,ord_000425,2026-08-05T10:55:00,8773.00,card,175.46,31.58,captured,setl_20260807_036
pay_000805,ord_000452,2026-08-05T19:20:00,5034.50,upi,0.00,0.00,captured,setl_20260807_036
pay_000806,ord_000467,2026-08-05T11:28:00,2499.50,netbanking,44.99,8.10,captured,setl_20260807_036
pay_000807,ord_000480,2026-08-05T11:54:00,748.50,card,14.97,2.69,captured,setl_20260807_036
pay_000808,ord_000491,2026-08-05T09:06:00,2474.00,upi,0.00,0.00,captured,setl_20260807_036
pay_000809,ord_000526,2026-08-06T15:55:00,12954.99,card,259.10,46.64,captured,setl_20260810_037
pay_000810,ord_000545,2026-08-05T22:50:00,1060.00,netbanking,19.08,3.43,captured,setl_20260807_036
pay_000811,ord_000630,2026-08-06T01:50:00,13420.00,upi,0.00,0.00,captured,setl_20260810_037
pay_000812,ord_000798,2026-08-06T11:34:00,67649.99,upi,0.00,0.00,captured,setl_20260810_037
pay_000813,ord_000824,2026-08-05T12:14:00,7281.99,netbanking,131.08,23.59,captured,setl_20260807_036
pay_000814,ord_000857,2026-08-06T14:02:00,681.50,upi,0.00,0.00,captured,setl_20260810_037
pay_000815,ord_000982,2026-08-06T15:27:00,12266.00,wallet,245.32,44.16,captured,setl_20260810_037
pay_000816,ord_000982,2026-08-05T19:19:00,12266.00,card,245.32,44.16,captured,setl_20260807_036
pay_000817,ord_000996,2026-08-06T09:55:00,1071.99,wallet,21.44,3.86,captured,setl_20260810_037
pay_000818,ord_000014,2026-08-07T15:09:00,11762.00,card,235.24,42.34,captured,setl_20260811_038
pay_000819,ord_000051,2026-08-07T00:40:00,11463.00,card,229.26,41.27,captured,setl_20260811_038
pay_000820,ord_000093,2026-08-06T23:29:00,1875.00,upi,0.00,0.00,captured,setl_20260811_038
pay_000821,ord_000102,2026-08-07T01:09:00,2155.00,upi,0.00,0.00,captured,setl_20260811_038
pay_000822,ord_000121,2026-08-07T02:06:00,1849.00,card,36.98,6.66,captured,setl_20260811_038
pay_000823,ord_000149,2026-08-07T01:37:00,10158.99,netbanking,182.86,32.91,captured,setl_20260811_038
pay_000824,ord_000178,2026-08-07T04:03:00,1270.00,card,25.40,4.57,captured,setl_20260811_038
pay_000825,ord_000193,2026-08-06T09:21:00,1638.50,upi,0.00,0.00,captured,setl_20260810_037
pay_000826,ord_000208,2026-08-07T01:27:00,64913.50,upi,0.00,0.00,captured,setl_20260811_038
pay_000827,ord_000463,2026-08-06T15:56:00,7345.00,netbanking,132.21,23.80,captured,setl_20260810_037
pay_000828,ord_000471,2026-08-07T01:18:00,53943.00,upi,0.00,0.00,captured,setl_20260811_038
pay_000829,ord_000550,2026-08-07T09:45:00,540.00,card,10.80,1.94,captured,setl_20260811_038
pay_000830,ord_000600,2026-08-06T14:13:00,9257.00,upi,0.00,0.00,captured,setl_20260810_037
pay_000831,ord_000652,2026-08-07T00:05:00,9229.99,upi,0.00,0.00,captured,setl_20260811_038
pay_000832,ord_000682,2026-08-07T09:18:00,2124.50,upi,0.00,0.00,captured,setl_20260811_038
pay_000833,ord_000684,2026-08-07T03:56:00,855.00,upi,0.00,0.00,captured,setl_20260811_038
pay_000834,ord_000726,2026-08-06T20:01:00,395.50,wallet,7.91,1.42,captured,setl_20260810_037
pay_000835,ord_000734,2026-08-07T00:22:00,10332.50,card,206.65,37.20,captured,setl_20260811_038
pay_000836,ord_000749,2026-08-06T23:57:00,1579.00,upi,0.00,0.00,captured,setl_20260811_038
pay_000837,ord_000752,2026-08-07T05:38:00,1002.00,netbanking,18.04,3.25,captured,setl_20260811_038
pay_000838,ord_000964,2026-08-07T01:31:00,7992.99,upi,0.00,0.00,captured,setl_20260811_038
pay_000839,ord_000078,2026-08-08T06:56:00,745.00,upi,0.00,0.00,captured,setl_20260812_039
pay_000840,ord_000192,2026-08-08T00:40:00,563.00,card,11.26,2.03,captured,setl_20260812_039
pay_000841,ord_000216,2026-08-08T01:45:00,2019.00,upi,0.00,0.00,captured,setl_20260812_039
pay_000842,ord_000305,2026-08-08T04:49:00,1490.99,card,29.82,5.37,captured,setl_20260812_039
pay_000843,ord_000325,2026-08-07T18:05:00,606.00,upi,0.00,0.00,captured,setl_20260811_038
pay_000844,ord_000365,2026-08-08T00:56:00,14239.00,card,284.78,51.26,captured,setl_20260812_039
pay_000845,ord_000373,2026-08-07T16:14:00,1909.50,upi,0.00,0.00,captured,setl_20260811_038
pay_000846,ord_000532,2026-08-07T15:29:00,1413.00,netbanking,25.43,4.58,captured,setl_20260811_038
pay_000847,ord_000554,2026-08-08T02:31:00,1351.99,wallet,27.04,4.87,captured,setl_20260812_039
pay_000848,ord_000650,2026-08-08T07:49:00,948.00,upi,0.00,0.00,captured,setl_20260812_039
pay_000849,ord_000678,2026-08-08T14:46:00,2072.50,upi,0.00,0.00,captured,setl_20260812_039
pay_000850,ord_000720,2026-08-08T05:23:00,1892.00,card,37.84,6.81,captured,setl_20260812_039
pay_000851,ord_000727,2026-08-07T17:10:00,5599.00,upi,0.00,0.00,captured,setl_20260811_038
pay_000852,ord_000739,2026-08-08T07:51:00,927.00,wallet,18.54,3.34,captured,setl_20260812_039
pay_000853,ord_000773,2026-08-07T21:59:00,5591.50,upi,0.00,0.00,captured,setl_20260811_038
pay_000854,ord_000792,2026-08-08T11:58:00,1403.50,card,28.07,5.05,captured,setl_20260812_039
pay_000855,ord_000811,2026-08-08T09:27:00,13944.00,upi,0.00,0.00,captured,setl_20260812_039
pay_000856,ord_000811,2026-08-07T22:34:00,13944.00,card,278.88,50.20,captured,setl_20260811_038
pay_000857,ord_000029,2026-08-08T22:29:00,2123.99,card,42.48,7.65,captured,setl_20260812_039
pay_000858,ord_000160,2026-08-09T05:34:00,7793.00,upi,0.00,0.00,captured,setl_20260812_040
pay_000859,ord_000301,2026-08-08T11:41:00,57811.00,upi,0.00,0.00,captured,setl_20260812_039
pay_000860,ord_000310,2026-08-09T13:06:00,865.00,card,17.30,3.11,captured,setl_20260812_040
pay_000861,ord_000332,2026-08-09T04:27:00,837.00,card,16.74,3.01,captured,setl_20260812_040
pay_000862,ord_000392,2026-08-08T23:44:00,213.00,netbanking,3.83,0.69,captured,setl_20260812_040
pay_000863,ord_000410,2026-08-09T11:14:00,899.50,upi,0.00,0.00,captured,setl_20260812_040
pay_000864,ord_000441,2026-08-08T12:14:00,331.00,upi,0.00,0.00,captured,setl_20260812_039
pay_000865,ord_000701,2026-08-09T15:48:00,10214.99,netbanking,183.87,33.10,captured,setl_20260812_040
pay_000866,ord_000701,2026-08-09T10:03:00,10214.99,upi,0.00,0.00,captured,setl_20260812_040
pay_000867,ord_000756,2026-08-08T21:24:00,1019.99,card,20.40,3.67,captured,setl_20260812_039
pay_000868,ord_000823,2026-08-09T08:48:00,1167.99,card,23.36,4.20,captured,setl_20260812_040
pay_000869,ord_000878,2026-08-08T17:20:00,347.50,card,6.95,1.25,captured,setl_20260812_039
pay_000870,ord_000983,2026-08-08T20:18:00,349.50,upi,0.00,0.00,captured,setl_20260812_039
pay_000871,ord_000070,2026-08-10T07:09:00,14492.99,upi,0.00,0.00,captured,setl_20260812_041
pay_000872,ord_000080,2026-08-10T05:10:00,2091.00,card,41.82,7.53,captured,setl_20260812_041
pay_000873,ord_000199,2026-08-09T17:39:00,420.50,wallet,8.41,1.51,captured,setl_20260812_040
pay_000874,ord_000211,2026-08-09T22:59:00,416.00,netbanking,7.49,1.35,captured,setl_20260812_040
pay_000875,ord_000240,2026-08-09T17:09:00,60248.00,upi,0.00,0.00,captured,setl_20260812_040
pay_000876,ord_000336,2026-08-10T00:04:00,447.50,upi,0.00,0.00,captured,setl_20260812_041
pay_000877,ord_000395,2026-08-10T04:24:00,19018.50,upi,0.00,0.00,captured,setl_20260812_041
pay_000878,ord_000434,2026-08-09T18:34:00,2345.00,upi,0.00,0.00,captured,setl_20260812_040
pay_000879,ord_000628,2026-08-10T00:27:00,2055.00,upi,0.00,0.00,captured,setl_20260812_041
pay_000880,ord_000645,2026-08-09T16:37:00,1102.50,card,22.05,3.97,captured,setl_20260812_040
pay_000881,ord_000803,2026-08-09T21:24:00,50333.99,card,1006.68,181.20,captured,setl_20260812_040
pay_000882,ord_000816,2026-08-09T09:03:00,1982.50,upi,0.00,0.00,captured,setl_20260812_040
pay_000883,ord_000903,2026-08-09T23:25:00,10647.00,wallet,212.94,38.33,captured,setl_20260812_041
pay_000884,ord_000969,2026-08-09T13:05:00,1149.00,upi,0.00,0.00,captured,setl_20260812_040
pay_000885,ord_000991,2026-08-10T02:02:00,2742.00,upi,0.00,0.00,captured,setl_20260812_041
pay_000886,ord_000991,2026-08-09T12:00:00,2742.00,wallet,54.84,9.87,captured,setl_20260812_040
pay_000887,ord_000999,2026-08-10T09:19:00,596.00,card,11.92,2.15,captured,setl_20260812_041
pay_000888,ord_000091,2026-08-10T17:24:00,263.00,wallet,5.26,0.95,captured,setl_20260812_041
pay_000889,ord_000106,2026-08-11T02:14:00,1623.00,upi,0.00,0.00,captured,setl_20260813_042
pay_000890,ord_000126,2026-08-10T18:10:00,2389.99,card,47.80,8.60,captured,setl_20260812_041
pay_000891,ord_000168,2026-08-10T14:55:00,979.00,card,19.58,3.52,captured,setl_20260812_041
pay_000892,ord_000184,2026-08-10T19:34:00,1044.00,upi,0.00,0.00,captured,setl_20260812_041
pay_000893,ord_000371,2026-08-11T10:53:00,13599.99,netbanking,244.80,44.06,captured,setl_20260813_042
pay_000894,ord_000445,2026-08-11T11:53:00,53603.99,upi,0.00,0.00,captured,setl_20260813_042
pay_000895,ord_000560,2026-08-10T16:06:00,7146.00,card,142.92,25.73,captured,setl_20260812_041
pay_000896,ord_000663,2026-08-11T01:51:00,9501.00,upi,0.00,0.00,captured,setl_20260813_042
pay_000897,ord_000681,2026-08-11T03:18:00,1188.99,card,23.78,4.28,captured,setl_20260813_042
pay_000898,ord_000693,2026-08-11T07:05:00,1999.00,wallet,39.98,7.20,captured,setl_20260813_042
pay_000899,ord_000784,2026-08-10T19:55:00,2243.50,upi,0.00,0.00,captured,setl_20260812_041
pay_000900,ord_000784,2026-08-10T14:31:00,2243.50,upi,0.00,0.00,captured,setl_20260812_041
pay_000901,ord_000844,2026-08-10T18:37:00,10793.00,netbanking,194.27,34.97,captured,setl_20260812_041
pay_000902,ord_000922,2026-08-10T14:17:00,938.00,upi,0.00,0.00,captured,setl_20260812_041
pay_000903,ord_000961,2026-08-10T10:50:00,139712.00,card,2794.24,502.96,captured,setl_20260812_041
pay_000904,ord_000002,2026-08-11T23:35:00,6189.00,card,123.78,22.28,captured,setl_20260814_043
pay_000905,ord_000009,2026-08-11T21:15:00,1275.50,wallet,25.51,4.59,captured,setl_20260813_042
pay_000906,ord_000016,2026-08-12T11:05:00,40538.00,card,810.76,145.94,captured,setl_20260814_043
pay_000907,ord_000027,2026-08-11T10:17:00,717.00,netbanking,12.91,2.32,captured,setl_20260813_042
pay_000908,ord_000074,2026-08-11T21:47:00,11095.50,card,221.91,39.94,captured,setl_20260813_042
pay_000909,ord_000090,2026-08-12T07:08:00,51344.50,upi,0.00,0.00,captured,setl_20260814_043
pay_000910,ord_000099,2026-08-11T19:11:00,688.00,wallet,13.76,2.48,captured,setl_20260813_042
pay_000911,ord_000172,2026-08-11T10:13:00,4507.50,card,90.15,16.23,captured,setl_20260813_042
pay_000912,ord_000183,2026-08-11T19:20:00,62214.50,upi,0.00,0.00,captured,setl_20260813_042
pay_000913,ord_000248,2026-08-12T11:19:00,1496.00,card,29.92,5.39,captured,setl_20260814_043
pay_000914,ord_000326,2026-08-12T09:41:00,640.00,netbanking,11.52,2.07,captured,setl_20260814_043
pay_000915,ord_000344,2026-08-12T07:00:00,4473.00,card,89.46,16.10,captured,setl_20260814_043
pay_000916,ord_000519,2026-08-12T06:15:00,5942.50,upi,0.00,0.00,captured,setl_20260814_043
pay_000917,ord_000561,2026-08-12T01:59:00,13506.99,card,270.14,48.63,captured,setl_20260814_043
pay_000918,ord_000574,2026-08-12T15:45:00,1327.99,upi,0.00,0.00,captured,setl_20260814_043
pay_000919,ord_000588,2026-08-12T08:20:00,64115.99,upi,0.00,0.00,captured,setl_20260814_043
pay_000920,ord_000629,2026-08-12T09:02:00,27086.00,upi,0.00,0.00,captured,setl_20260814_043
pay_000921,ord_000654,2026-08-12T12:48:00,508.00,wallet,10.16,1.83,captured,setl_20260814_043
pay_000922,ord_000711,2026-08-11T21:11:00,11135.00,upi,0.00,0.00,captured,setl_20260813_042
pay_000923,ord_000759,2026-08-11T18:06:00,1501.99,upi,0.00,0.00,captured,setl_20260813_042
pay_000924,ord_000774,2026-08-11T16:42:00,63971.99,card,1279.44,230.30,captured,setl_20260813_042
pay_000925,ord_000779,2026-08-11T09:56:00,5018.50,upi,0.00,0.00,captured,setl_20260813_042
pay_000926,ord_000859,2026-08-12T12:15:00,461.00,upi,0.00,0.00,captured,setl_20260814_043
pay_000927,ord_000920,2026-08-12T02:27:00,323.00,netbanking,5.81,1.05,captured,setl_20260814_043
pay_000928,ord_000021,2026-08-12T20:02:00,61130.99,netbanking,1100.36,198.06,captured,setl_20260814_043
pay_000929,ord_000122,2026-08-12T15:55:00,1931.00,netbanking,34.76,6.26,captured,setl_20260814_043
pay_000930,ord_000185,2026-08-13T06:02:00,9216.50,card,184.33,33.18,captured,setl_20260817_044
pay_000931,ord_000246,2026-08-13T12:49:00,1888.00,upi,0.00,0.00,captured,setl_20260817_044
pay_000932,ord_000276,2026-08-13T01:10:00,11274.00,netbanking,202.93,36.53,captured,setl_20260817_044
pay_000933,ord_000337,2026-08-12T12:43:00,2188.99,upi,0.00,0.00,captured,setl_20260814_043
pay_000934,ord_000340,2026-08-13T11:48:00,1726.50,upi,0.00,0.00,captured,setl_20260817_044
pay_000935,ord_000363,2026-08-12T23:49:00,2174.00,upi,0.00,0.00,captured,setl_20260817_044
pay_000936,ord_000396,2026-08-13T03:08:00,71740.00,upi,0.00,0.00,captured,setl_20260817_044
pay_000937,ord_000396,2026-08-12T14:39:00,71740.00,upi,0.00,0.00,captured,setl_20260814_043
pay_000938,ord_000404,2026-08-12T16:18:00,2043.00,netbanking,36.77,6.62,captured,setl_20260814_043
pay_000939,ord_000418,2026-08-13T01:16:00,354.00,card,7.08,1.27,captured,setl_20260817_044
pay_000940,ord_000543,2026-08-13T12:13:00,468.00,upi,0.00,0.00,captured,setl_20260817_044
pay_000941,ord_000578,2026-08-13T10:33:00,1038.00,card,20.76,3.74,captured,setl_20260817_044
pay_000942,ord_000627,2026-08-12T20:21:00,64075.00,card,1281.50,230.67,captured,setl_20260814_043
pay_000943,ord_000668,2026-08-12T18:20:00,3106.00,upi,0.00,0.00,captured,setl_20260814_043
pay_000944,ord_000706,2026-08-13T01:43:00,1884.00,wallet,37.68,6.78,captured,setl_20260817_044
pay_000945,ord_000728,2026-08-12T16:42:00,1367.99,upi,0.00,0.00,captured,setl_20260814_043
pay_000946,ord_000761,2026-08-13T02:12:00,1726.50,netbanking,31.08,5.59,captured,setl_20260817_044
pay_000947,ord_000867,2026-08-13T15:21:00,312.50,upi,0.00,0.00,captured,setl_20260817_044
pay_000948,ord_000908,2026-08-12T16:22:00,2038.99,wallet,40.78,7.34,captured,setl_20260814_043
pay_000949,ord_000910,2026-08-12T20:36:00,289387.00,upi,0.00,0.00,captured,setl_20260814_043
pay_000950,ord_000954,2026-08-13T14:57:00,249.00,upi,0.00,0.00,captured,setl_20260817_044
pay_000951,ord_000011,2026-08-13T19:21:00,922.00,upi,0.00,0.00,captured,setl_20260817_044
pay_000952,ord_000057,2026-08-13T21:28:00,14984.00,card,299.68,53.94,captured,setl_20260817_044
pay_000953,ord_000084,2026-08-13T19:35:00,517.50,netbanking,9.32,1.68,captured,setl_20260817_044
pay_000954,ord_000124,2026-08-14T00:22:00,2265.00,netbanking,40.77,7.34,captured,setl_20260818_045
pay_000955,ord_000186,2026-08-13T20:56:00,9104.99,upi,0.00,0.00,captured,setl_20260817_044
pay_000956,ord_000241,2026-08-13T18:47:00,9253.00,upi,0.00,0.00,captured,setl_20260817_044
pay_000957,ord_000419,2026-08-14T11:52:00,2207.99,card,44.16,7.95,captured,setl_20260818_045
pay_000958,ord_000509,2026-08-13T11:41:00,12868.00,upi,0.00,0.00,captured,setl_20260817_044
pay_000959,ord_000552,2026-08-14T00:45:00,107418.99,card,2148.38,386.71,captured,setl_20260818_045
pay_000960,ord_000612,2026-08-13T18:34:00,2093.99,upi,0.00,0.00,captured,setl_20260817_044
pay_000961,ord_000658,2026-08-13T18:17:00,15829.00,card,316.58,56.98,captured,setl_20260817_044
pay_000962,ord_000707,2026-08-13T22:32:00,14696.00,netbanking,264.53,47.62,captured,setl_20260817_044
pay_000963,ord_000707,2026-08-13T11:14:00,14696.00,upi,0.00,0.00,captured,setl_20260817_044
pay_000964,ord_000776,2026-08-13T14:40:00,5769.99,upi,0.00,0.00,captured,setl_20260817_044
pay_000965,ord_000777,2026-08-13T21:38:00,37780.99,netbanking,680.06,122.41,captured,setl_20260817_044
pay_000966,ord_000914,2026-08-13T15:13:00,36338.00,upi,0.00,0.00,captured,setl_20260817_044
pay_000967,ord_000023,2026-08-14T23:17:00,1597.00,card,31.94,5.75,captured,setl_20260819_046
pay_000968,ord_000026,2026-08-14T13:49:00,69090.00,netbanking,1243.62,223.85,captured,setl_20260818_045
pay_000969,ord_000092,2026-08-15T00:56:00,1146.50,netbanking,20.64,3.72,captured,setl_20260819_046
pay_000970,ord_000127,2026-08-15T01:07:00,2202.00,card,44.04,7.93,captured,setl_20260819_046
pay_000971,ord_000139,2026-08-14T14:42:00,1958.99,card,39.18,7.05,captured,setl_20260818_045
pay_000972,ord_000146,2026-08-15T10:57:00,765.00,card,15.30,2.75,captured,setl_20260819_046
pay_000973,ord_000177,2026-08-15T14:49:00,508.00,upi,0.00,0.00,captured,setl_20260819_046
pay_000974,ord_000179,2026-08-15T05:43:00,477.99,upi,0.00,0.00,captured,setl_20260819_046
pay_000975,ord_000234,2026-08-15T08:47:00,61568.99,upi,0.00,0.00,captured,setl_20260819_046
pay_000976,ord_000272,2026-08-14T12:00:00,203.99,card,4.08,0.73,captured,setl_20260818_045
pay_000977,ord_000285,2026-08-15T12:25:00,1343.99,wallet,26.88,4.84,captured,setl_20260819_046
pay_000978,ord_000375,2026-08-14T18:26:00,820.00,card,16.40,2.95,captured,setl_20260818_045
pay_000979,ord_000394,2026-08-14T09:29:00,1415.00,upi,0.00,0.00,captured,setl_20260818_045
pay_000980,ord_000416,2026-08-14T23:52:00,163718.00,netbanking,2946.92,530.45,captured,setl_20260819_046
pay_000981,ord_000483,2026-08-14T11:38:00,1438.50,netbanking,25.89,4.66,captured,setl_20260818_045
pay_000982,ord_000512,2026-08-14T17:24:00,13285.99,upi,0.00,0.00,captured,setl_20260818_045
pay_000983,ord_000542,2026-08-14T17:32:00,7213.50,card,144.27,25.97,captured,setl_20260818_045
pay_000984,ord_000657,2026-08-15T11:51:00,12206.00,wallet,244.12,43.94,captured,setl_20260819_046
pay_000985,ord_000838,2026-08-15T04:21:00,868.50,card,17.37,3.13,captured,setl_20260819_046
pay_000986,ord_000856,2026-08-15T13:14:00,1033.99,wallet,20.68,3.72,captured,setl_20260819_046
