order_id,customer_id,order_date,amount,status,currency
ord_000030,cust_00125,2026-07-01,5487.00,placed,INR
ord_000070,cust_00199,2026-07-01,5323.00,placed,INR
ord_000114,cust_00068,2026-07-01,1546.99,placed,INR
ord_000130,cust_00117,2026-07-01,14759.99,placed,INR
ord_000249,cust_00014,2026-07-01,12996.50,placed,INR
ord_000290,cust_00146,2026-07-01,634.99,placed,INR
ord_000305,cust_00097,2026-07-01,14709.50,placed,INR
ord_000366,cust_00100,2026-07-01,4242.00,placed,INR
ord_000426,cust_00175,2026-07-01,835.50,placed,INR
ord_000442,cust_00213,2026-07-01,1463.99,placed,INR
ord_000559,cust_00202,2026-07-01,10684.50,placed,INR
ord_000568,cust_00174,2026-07-01,1138.00,placed,INR
ord_000579,cust_00202,2026-07-01,2463.00,placed,INR
ord_000593,cust_00231,2026-07-01,9961.00,placed,INR
ord_000614,cust_00100,2026-07-01,13881.00,placed,INR
ord_000693,cust_00180,2026-07-01,5991.50,placed,INR
ord_000737,cust_00049,2026-07-01,260.00,placed,INR
ord_000788,cust_00084,2026-07-01,13200.50,placed,INR
ord_000883,cust_00216,2026-07-01,10368.00,placed,INR
ord_000917,cust_00077,2026-07-01,265.00,placed,INR
ord_000023,cust_00241,2026-07-02,887.99,placed,INR
ord_000039,cust_00019,2026-07-02,12560.50,placed,INR
ord_000044,cust_00053,2026-07-02,49619.00,placed,INR
ord_000069,cust_00224,2026-07-02,949.99,placed,INR
ord_000103,cust_00065,2026-07-02,274.99,placed,INR
ord_000127,cust_00011,2026-07-02,1676.00,placed,INR
ord_000142,cust_00075,2026-07-02,2274.50,placed,INR
ord_000271,cust_00220,2026-07-02,647.00,placed,INR
ord_000317,cust_00112,2026-07-02,30324.99,placed,INR
ord_000321,cust_00011,2026-07-02,373.00,placed,INR
ord_000331,cust_00202,2026-07-02,1986.99,placed,INR
ord_000564,cust_00013,2026-07-02,2236.00,placed,INR
ord_000613,cust_00169,2026-07-02,4876.00,placed,INR
ord_000621,cust_00169,2026-07-02,10078.00,placed,INR
ord_000701,cust_00215,2026-07-02,310622.00,placed,INR
ord_000702,cust_00125,2026-07-02,1257.00,placed,INR
ord_000732,cust_00195,2026-07-02,1296.00,placed,INR
ord_000733,cust_00056,2026-07-02,2033.00,placed,INR
ord_000738,cust_00055,2026-07-02,309.50,placed,INR
ord_000743,cust_00237,2026-07-02,1482.00,placed,INR
ord_000763,cust_00068,2026-07-02,6462.00,placed,INR
ord_000779,cust_00013,2026-07-02,245932.00,placed,INR
ord_000816,cust_00143,2026-07-02,1262.00,placed,INR
ord_000974,cust_00180,2026-07-02,698.00,placed,INR
ord_000981,cust_00058,2026-07-02,2964.99,placed,INR
ord_000997,cust_00206,2026-07-02,4173.00,placed,INR
ord_000113,cust_00118,2026-07-03,1300.50,placed,INR
ord_000177,cust_00109,2026-07-03,10254.99,placed,INR
ord_000202,cust_00080,2026-07-03,8703.00,placed,INR
ord_000209,cust_00097,2026-07-03,455.00,placed,INR
ord_000231,cust_00027,2026-07-03,1145.50,placed,INR
ord_000260,cust_00227,2026-07-03,14910.00,placed,INR
ord_000269,cust_00163,2026-07-03,1484.99,placed,INR
ord_000287,cust_00057,2026-07-03,1969.50,placed,INR
ord_000322,cust_00017,2026-07-03,14980.00,placed,INR
ord_000325,cust_00009,2026-07-03,74710.00,placed,INR
ord_000435,cust_00003,2026-07-03,525.50,placed,INR
ord_000466,cust_00143,2026-07-03,2076.50,placed,INR
ord_000471,cust_00242,2026-07-03,1640.00,placed,INR
ord_000517,cust_00070,2026-07-03,2220.99,placed,INR
ord_000523,cust_00102,2026-07-03,18405.00,placed,INR
ord_000531,cust_00009,2026-07-03,12673.00,placed,INR
ord_000591,cust_00113,2026-07-03,1175.00,placed,INR
ord_000630,cust_00225,2026-07-03,12451.00,placed,INR
ord_000667,cust_00218,2026-07-03,980.00,placed,INR
ord_000770,cust_00200,2026-07-03,9693.00,placed,INR
ord_000860,cust_00041,2026-07-03,7310.00,placed,INR
ord_000864,cust_00084,2026-07-03,1391.00,placed,INR
ord_000899,cust_00023,2026-07-03,4925.99,placed,INR
ord_000940,cust_00101,2026-07-03,1349.00,placed,INR
ord_000996,cust_00190,2026-07-03,1654.50,placed,INR
ord_000189,cust_00006,2026-07-04,1919.00,placed,INR
ord_000233,cust_00049,2026-07-04,12055.00,placed,INR
ord_000280,cust_00163,2026-07-04,9922.99,placed,INR
ord_000300,cust_00234,2026-07-04,2702.99,placed,INR
ord_000309,cust_00069,2026-07-04,13628.50,placed,INR
ord_000474,cust_00026,2026-07-04,222.00,placed,INR
ord_000502,cust_00133,2026-07-04,7992.00,placed,INR
ord_000547,cust_00198,2026-07-04,2456.00,placed,INR
ord_000692,cust_00104,2026-07-04,1724.00,placed,INR
ord_000736,cust_00021,2026-07-04,1596.00,placed,INR
ord_000740,cust_00222,2026-07-04,385.00,placed,INR
ord_000761,cust_00059,2026-07-04,9216.50,placed,INR
ord_000787,cust_00105,2026-07-04,8441.00,placed,INR
ord_000875,cust_00045,2026-07-04,2040.50,placed,INR
ord_000020,cust_00216,2026-07-05,1304.50,placed,INR
ord_000081,cust_00172,2026-07-05,498.00,placed,INR
ord_000110,cust_00161,2026-07-05,6687.50,placed,INR
ord_000220,cust_00167,2026-07-05,2462.99,placed,INR
ord_000234,cust_00096,2026-07-05,927.50,placed,INR
ord_000273,cust_00214,2026-07-05,1232.00,placed,INR
ord_000467,cust_00221,2026-07-05,9010.00,placed,INR
ord_000710,cust_00093,2026-07-05,1085.00,placed,INR
ord_000785,cust_00070,2026-07-05,2777.85,placed,INR
ord_000799,cust_00101,2026-07-05,32459.99,placed,INR
ord_000804,cust_00238,2026-07-05,8465.99,placed,INR
ord_000826,cust_00171,2026-07-05,488.00,placed,INR
ord_000853,cust_00209,2026-07-05,5451.00,placed,INR
ord_000902,cust_00001,2026-07-05,10359.00,placed,INR
ord_000911,cust_00248,2026-07-05,6628.00,placed,INR
ord_000932,cust_00132,2026-07-05,9776.00,placed,INR
ord_000014,cust_00148,2026-07-06,2226.00,placed,INR
ord_000181,cust_00142,2026-07-06,2522.00,placed,INR
ord_000206,cust_00013,2026-07-06,5706.00,placed,INR
ord_000250,cust_00147,2026-07-06,8575.99,placed,INR
ord_000255,cust_00232,2026-07-06,13775.00,placed,INR
ord_000268,cust_00206,2026-07-06,2288.00,placed,INR
ord_000270,cust_00014,2026-07-06,8690.00,placed,INR
ord_000306,cust_00190,2026-07-06,5373.00,placed,INR
ord_000312,cust_00226,2026-07-06,894.00,placed,INR
ord_000387,cust_00212,2026-07-06,7819.00,placed,INR
ord_000393,cust_00172,2026-07-06,50946.00,placed,INR
ord_000433,cust_00076,2026-07-06,14120.50,placed,INR
ord_000468,cust_00066,2026-07-06,1154.00,placed,INR
ord_000537,cust_00120,2026-07-06,4931.50,placed,INR
ord_000612,cust_00139,2026-07-06,14557.50,placed,INR
ord_000657,cust_00165,2026-07-06,1228.00,placed,INR
ord_000658,cust_00036,2026-07-06,2914.50,placed,INR
ord_000687,cust_00218,2026-07-06,499.50,placed,INR
ord_000745,cust_00005,2026-07-06,783.99,placed,INR
ord_000746,cust_00092,2026-07-06,9434.00,placed,INR
ord_000834,cust_00057,2026-07-06,11855.00,placed,INR
ord_000891,cust_00193,2026-07-06,1281.00,placed,INR
ord_000999,cust_00234,2026-07-06,1503.50,placed,INR
ord_000009,cust_00149,2026-07-07,5578.00,placed,INR
ord_000010,cust_00141,2026-07-07,11746.00,placed,INR
ord_000054,cust_00059,2026-07-07,1582.00,placed,INR
ord_000073,cust_00227,2026-07-07,6571.00,placed,INR
ord_000105,cust_00169,2026-07-07,9580.50,placed,INR
ord_000155,cust_00014,2026-07-07,7179.00,placed,INR
ord_000184,cust_00019,2026-07-07,984.50,placed,INR
ord_000195,cust_00244,2026-07-07,12495.00,placed,INR
ord_000236,cust_00164,2026-07-07,12657.00,placed,INR
ord_000267,cust_00018,2026-07-07,1962.00,placed,INR
ord_000307,cust_00067,2026-07-07,357.00,placed,INR
ord_000327,cust_00203,2026-07-07,5858.00,placed,INR
ord_000332,cust_00089,2026-07-07,396.99,placed,INR
ord_000352,cust_00043,2026-07-07,21660.00,placed,INR
ord_000375,cust_00058,2026-07-07,1839.99,placed,INR
ord_000406,cust_00221,2026-07-07,8092.50,placed,INR
ord_000419,cust_00170,2026-07-07,350.50,placed,INR
ord_000420,cust_00235,2026-07-07,15879.00,placed,INR
ord_000459,cust_00096,2026-07-07,3839.00,placed,INR
ord_000481,cust_00238,2026-07-07,70197.00,placed,INR
ord_000492,cust_00100,2026-07-07,863.00,placed,INR
ord_000516,cust_00090,2026-07-07,14248.00,placed,INR
ord_000528,cust_00136,2026-07-07,1527.50,placed,INR
ord_000585,cust_00020,2026-07-07,2339.50,placed,INR
ord_000660,cust_00201,2026-07-07,7584.99,placed,INR
ord_000835,cust_00128,2026-07-07,1082.99,placed,INR
ord_000857,cust_00120,2026-07-07,573.00,placed,INR
ord_000878,cust_00192,2026-07-07,5143.99,placed,INR
ord_000890,cust_00242,2026-07-07,1062.00,placed,INR
ord_000998,cust_00220,2026-07-07,2129.50,placed,INR
ord_000005,cust_00243,2026-07-08,452.99,placed,INR
ord_000024,cust_00127,2026-07-08,1376.00,placed,INR
ord_000037,cust_00088,2026-07-08,4177.00,placed,INR
ord_000090,cust_00236,2026-07-08,4216.00,placed,INR
ord_000200,cust_00021,2026-07-08,36577.00,placed,INR
ord_000430,cust_00034,2026-07-08,1327.99,placed,INR
ord_000508,cust_00092,2026-07-08,7758.50,placed,INR
ord_000538,cust_00131,2026-07-08,1401.50,placed,INR
ord_000629,cust_00214,2026-07-08,13238.00,placed,INR
ord_000649,cust_00177,2026-07-08,1675.50,placed,INR
ord_000683,cust_00057,2026-07-08,6653.00,placed,INR
ord_000772,cust_00039,2026-07-08,15617.00,placed,INR
ord_000780,cust_00031,2026-07-08,78608.00,placed,INR
ord_000867,cust_00010,2026-07-08,4500.00,placed,INR
ord_000960,cust_00239,2026-07-08,921.00,placed,INR
ord_000080,cust_00107,2026-07-09,2009.00,placed,INR
ord_000092,cust_00210,2026-07-09,1258.50,placed,INR
ord_000099,cust_00012,2026-07-09,1175.00,placed,INR
ord_000183,cust_00161,2026-07-09,1990.00,placed,INR
ord_000224,cust_00107,2026-07-09,1161.99,placed,INR
ord_000272,cust_00227,2026-07-09,875.00,placed,INR
ord_000292,cust_00053,2026-07-09,2144.00,placed,INR
ord_000293,cust_00004,2026-07-09,30963.00,placed,INR
ord_000421,cust_00202,2026-07-09,1255.00,placed,INR
ord_000511,cust_00006,2026-07-09,554.30,placed,INR
ord_000604,cust_00024,2026-07-09,2430.00,placed,INR
ord_000611,cust_00224,2026-07-09,13605.99,placed,INR
ord_000642,cust_00176,2026-07-09,13482.50,placed,INR
ord_000644,cust_00240,2026-07-09,13936.00,placed,INR
ord_000645,cust_00227,2026-07-09,12126.99,placed,INR
ord_000688,cust_00222,2026-07-09,2276.00,placed,INR
ord_000711,cust_00151,2026-07-09,5963.00,placed,INR
ord_000717,cust_00179,2026-07-09,2495.00,placed,INR
ord_000820,cust_00109,2026-07-09,34035.99,placed,INR
ord_000838,cust_00105,2026-07-09,12764.00,placed,INR
ord_000907,cust_00067,2026-07-09,7463.00,placed,INR
ord_000938,cust_00002,2026-07-09,73419.00,placed,INR
ord_000945,cust_00052,2026-07-09,451.00,placed,INR
ord_001000,cust_00218,2026-07-09,1228.99,placed,INR
ord_000029,cust_00022,2026-07-10,1149.00,placed,INR
ord_000040,cust_00163,2026-07-10,1621.99,placed,INR
ord_000045,cust_00177,2026-07-10,309.99,placed,INR
ord_000062,cust_00141,2026-07-10,286.00,placed,INR
ord_000083,cust_00065,2026-07-10,78409.50,placed,INR
ord_000093,cust_00138,2026-07-10,52394.50,placed,INR
ord_000119,cust_00103,2026-07-10,8954.00,placed,INR
ord_000136,cust_00085,2026-07-10,1445.99,placed,INR
ord_000180,cust_00134,2026-07-10,22136.50,placed,INR
ord_000197,cust_00237,2026-07-10,1071.00,placed,INR
ord_000228,cust_00073,2026-07-10,52898.00,placed,INR
ord_000242,cust_00164,2026-07-10,869.50,placed,INR
ord_000386,cust_00238,2026-07-10,1776.00,placed,INR
ord_000428,cust_00161,2026-07-10,218.00,placed,INR
ord_000447,cust_00208,2026-07-10,52480.00,placed,INR
ord_000478,cust_00235,2026-07-10,2706.50,placed,INR
ord_000489,cust_00132,2026-07-10,1063.99,placed,INR
ord_000520,cust_00172,2026-07-10,14731.50,placed,INR
ord_000570,cust_00226,2026-07-10,1924.50,placed,INR
ord_000583,cust_00148,2026-07-10,696.00,placed,INR
ord_000659,cust_00076,2026-07-10,2351.00,placed,INR
ord_000669,cust_00073,2026-07-10,425.99,placed,INR
ord_000680,cust_00170,2026-07-10,11591.99,placed,INR
ord_000703,cust_00142,2026-07-10,72261.50,placed,INR
ord_000704,cust_00151,2026-07-10,11321.00,placed,INR
ord_000753,cust_00161,2026-07-10,567.00,placed,INR
ord_000782,cust_00163,2026-07-10,10703.00,placed,INR
ord_000791,cust_00100,2026-07-10,9216.00,placed,INR
ord_000863,cust_00243,2026-07-10,6281.50,placed,INR
ord_000866,cust_00187,2026-07-10,1563.50,placed,INR
ord_000884,cust_00067,2026-07-10,1176.00,placed,INR
ord_000885,cust_00128,2026-07-10,2415.00,placed,INR
ord_000919,cust_00086,2026-07-10,539.00,placed,INR
ord_000939,cust_00049,2026-07-10,11949.99,placed,INR
ord_000953,cust_00072,2026-07-10,10204.99,placed,INR
ord_000968,cust_00057,2026-07-10,14855.00,placed,INR
ord_000026,cust_00115,2026-07-11,1337.00,placed,INR
ord_000060,cust_00033,2026-07-11,2105.00,placed,INR
ord_000085,cust_00171,2026-07-11,5145.50,placed,INR
ord_000100,cust_00068,2026-07-11,1025.00,placed,INR
ord_000111,cust_00015,2026-07-11,1759.99,placed,INR
ord_000148,cust_00001,2026-07-11,59668.50,placed,INR
ord_000162,cust_00121,2026-07-11,1353.00,placed,INR
ord_000247,cust_00109,2026-07-11,569.50,placed,INR
ord_000251,cust_00038,2026-07-11,861.99,placed,INR
ord_000252,cust_00237,2026-07-11,1770.50,placed,INR
ord_000279,cust_00203,2026-07-11,4385.99,placed,INR
ord_000319,cust_00038,2026-07-11,657.00,placed,INR
ord_000344,cust_00098,2026-07-11,410691.00,placed,INR
ord_000351,cust_00061,2026-07-11,974.00,placed,INR
ord_000377,cust_00034,2026-07-11,19515.00,placed,INR
ord_000506,cust_00180,2026-07-11,218.00,placed,INR
ord_000521,cust_00243,2026-07-11,12903.50,placed,INR
ord_000545,cust_00221,2026-07-11,36230.99,placed,INR
ord_000584,cust_00133,2026-07-11,4247.00,placed,INR
ord_000652,cust_00084,2026-07-11,1685.00,placed,INR
ord_000653,cust_00143,2026-07-11,243.50,placed,INR
ord_000666,cust_00036,2026-07-11,1843.00,placed,INR
ord_000696,cust_00094,2026-07-11,8093.00,placed,INR
ord_000766,cust_00123,2026-07-11,6879.00,placed,INR
ord_000774,cust_00119,2026-07-11,3978.50,placed,INR
ord_000906,cust_00206,2026-07-11,59087.50,placed,INR
ord_000909,cust_00112,2026-07-11,2300.00,placed,INR
ord_000925,cust_00058,2026-07-11,1814.00,placed,INR
ord_000169,cust_00088,2026-07-12,7731.00,placed,INR
ord_000201,cust_00168,2026-07-12,63910.50,placed,INR
ord_000285,cust_00158,2026-07-12,3291.00,placed,INR
ord_000422,cust_00108,2026-07-12,282.50,placed,INR
ord_000497,cust_00134,2026-07-12,14159.00,placed,INR
ord_000598,cust_00002,2026-07-12,34051.50,placed,INR
ord_000707,cust_00159,2026-07-12,13633.99,placed,INR
ord_000813,cust_00195,2026-07-12,223.00,placed,INR
ord_000898,cust_00003,2026-07-12,1886.50,placed,INR
ord_000963,cust_00183,2026-07-12,11212.99,placed,INR
ord_000036,cust_00018,2026-07-13,311015.00,placed,INR
ord_000064,cust_00212,2026-07-13,2958.00,placed,INR
ord_000077,cust_00178,2026-07-13,2280.99,placed,INR
ord_000108,cust_00214,2026-07-13,62765.00,placed,INR
ord_000141,cust_00080,2026-07-13,76358.50,placed,INR
ord_000152,cust_00183,2026-07-13,1386.00,placed,INR
ord_000157,cust_00198,2026-07-13,1951.00,placed,INR
ord_000194,cust_00060,2026-07-13,1284.00,placed,INR
ord_000219,cust_00101,2026-07-13,6551.50,placed,INR
ord_000227,cust_00113,2026-07-13,1203.00,placed,INR
ord_000253,cust_00078,2026-07-13,377.50,placed,INR
ord_000302,cust_00133,2026-07-13,10805.50,placed,INR
ord_000314,cust_00226,2026-07-13,1178.50,placed,INR
ord_000323,cust_00210,2026-07-13,49989.00,placed,INR
ord_000349,cust_00069,2026-07-13,832.00,placed,INR
ord_000394,cust_00127,2026-07-13,11196.00,placed,INR
ord_000412,cust_00082,2026-07-13,4590.99,placed,INR
ord_000465,cust_00047,2026-07-13,311.00,placed,INR
ord_000479,cust_00205,2026-07-13,1056.45,placed,INR
ord_000498,cust_00154,2026-07-13,557.99,placed,INR
ord_000529,cust_00130,2026-07-13,6164.04,placed,INR
ord_000541,cust_00141,2026-07-13,10051.99,placed,INR
ord_000577,cust_00106,2026-07-13,635.00,placed,INR
ord_000617,cust_00017,2026-07-13,3940.00,placed,INR
ord_000638,cust_00012,2026-07-13,69078.99,placed,INR
ord_000651,cust_00029,2026-07-13,9840.00,placed,INR
ord_000656,cust_00201,2026-07-13,233.00,placed,INR
ord_000673,cust_00121,2026-07-13,1524.99,placed,INR
ord_000684,cust_00136,2026-07-13,14117.50,placed,INR
ord_000718,cust_00199,2026-07-13,604.00,placed,INR
ord_000728,cust_00150,2026-07-13,53333.00,placed,INR
ord_000735,cust_00062,2026-07-13,4613.99,placed,INR
ord_000825,cust_00249,2026-07-13,12006.00,placed,INR
ord_000832,cust_00103,2026-07-13,1403.99,placed,INR
ord_000850,cust_00182,2026-07-13,2061.50,placed,INR
ord_000870,cust_00125,2026-07-13,1439.99,placed,INR
ord_000927,cust_00220,2026-07-13,5157.50,placed,INR
ord_000991,cust_00144,2026-07-13,7353.00,placed,INR
ord_000003,cust_00010,2026-07-14,1911.00,placed,INR
ord_000065,cust_00075,2026-07-14,1534.00,placed,INR
ord_000133,cust_00060,2026-07-14,10042.50,placed,INR
ord_000166,cust_00129,2026-07-14,47576.99,placed,INR
ord_000205,cust_00098,2026-07-14,1463.50,placed,INR
ord_000237,cust_00010,2026-07-14,778.00,placed,INR
ord_000238,cust_00066,2026-07-14,1032.00,placed,INR
ord_000355,cust_00227,2026-07-14,337.00,placed,INR
ord_000369,cust_00184,2026-07-14,264.00,placed,INR
ord_000389,cust_00244,2026-07-14,1399.00,placed,INR
ord_000405,cust_00184,2026-07-14,718.00,placed,INR
ord_000411,cust_00168,2026-07-14,682.00,placed,INR
ord_000452,cust_00238,2026-07-14,237.50,placed,INR
ord_000456,cust_00050,2026-07-14,1386.00,placed,INR
ord_000650,cust_00012,2026-07-14,1349.00,placed,INR
ord_000664,cust_00127,2026-07-14,844.00,placed,INR
ord_000755,cust_00143,2026-07-14,6745.99,placed,INR
ord_000784,cust_00219,2026-07-14,72878.00,placed,INR
ord_000805,cust_00136,2026-07-14,1697.00,placed,INR
ord_000845,cust_00138,2026-07-14,10105.50,placed,INR
ord_000896,cust_00159,2026-07-14,5362.00,placed,INR
ord_000901,cust_00051,2026-07-14,59960.00,placed,INR
ord_000923,cust_00175,2026-07-14,8654.00,placed,INR
ord_000965,cust_00087,2026-07-14,9269.00,placed,INR
ord_000975,cust_00001,2026-07-14,767.50,placed,INR
ord_000980,cust_00073,2026-07-14,11962.99,placed,INR
ord_000084,cust_00192,2026-07-15,41100.50,placed,INR
ord_000167,cust_00116,2026-07-15,64758.50,placed,INR
ord_000182,cust_00146,2026-07-15,57303.00,placed,INR
ord_000196,cust_00125,2026-07-15,430.99,placed,INR
ord_000214,cust_00028,2026-07-15,2106.50,placed,INR
ord_000289,cust_00157,2026-07-15,2865.00,placed,INR
ord_000348,cust_00033,2026-07-15,1173.99,placed,INR
ord_000360,cust_00171,2026-07-15,13013.99,placed,INR
ord_000361,cust_00174,2026-07-15,707.50,placed,INR
ord_000376,cust_00206,2026-07-15,45285.00,placed,INR
ord_000454,cust_00102,2026-07-15,6752.99,placed,INR
ord_000483,cust_00123,2026-07-15,1698.00,placed,INR
ord_000550,cust_00246,2026-07-15,5031.50,placed,INR
ord_000592,cust_00012,2026-07-15,909.00,placed,INR
ord_000615,cust_00083,2026-07-15,620.55,placed,INR
ord_000627,cust_00146,2026-07-15,2332.00,placed,INR
ord_000662,cust_00095,2026-07-15,1711.00,placed,INR
ord_000679,cust_00174,2026-07-15,13827.00,placed,INR
ord_000685,cust_00142,2026-07-15,2415.99,placed,INR
ord_000714,cust_00006,2026-07-15,384.00,placed,INR
ord_000004,cust_00024,2026-07-16,3468.99,placed,INR
ord_000025,cust_00102,2026-07-16,2232.00,placed,INR
ord_000050,cust_00210,2026-07-16,1127.00,placed,INR
ord_000156,cust_00249,2026-07-16,2291.00,placed,INR
ord_000188,cust_00141,2026-07-16,1885.00,placed,INR
ord_000298,cust_00043,2026-07-16,17883.00,placed,INR
ord_000313,cust_00216,2026-07-16,5108.00,placed,INR
ord_000350,cust_00186,2026-07-16,2337.00,placed,INR
ord_000363,cust_00201,2026-07-16,839.00,placed,INR
ord_000384,cust_00168,2026-07-16,2163.50,placed,INR
ord_000431,cust_00116,2026-07-16,5570.00,placed,INR
ord_000458,cust_00012,2026-07-16,47326.00,placed,INR
ord_000505,cust_00048,2026-07-16,8514.00,placed,INR
ord_000527,cust_00223,2026-07-16,246.00,placed,INR
ord_000543,cust_00086,2026-07-16,2297.99,placed,INR
ord_000595,cust_00174,2026-07-16,1105.50,placed,INR
ord_000597,cust_00023,2026-07-16,1666.50,placed,INR
ord_000631,cust_00175,2026-07-16,1503.00,placed,INR
ord_000643,cust_00181,2026-07-16,2310.50,placed,INR
ord_000646,cust_00086,2026-07-16,4432.99,placed,INR
ord_000663,cust_00015,2026-07-16,1850.00,placed,INR
ord_000768,cust_00042,2026-07-16,2054.00,placed,INR
ord_000824,cust_00099,2026-07-16,4621.99,placed,INR
ord_000876,cust_00085,2026-07-16,5430.00,placed,INR
ord_000894,cust_00153,2026-07-16,10904.00,placed,INR
ord_000895,cust_00019,2026-07-16,4106.00,placed,INR
ord_000912,cust_00051,2026-07-16,11701.00,placed,INR
ord_000929,cust_00117,2026-07-16,13266.00,placed,INR
ord_000079,cust_00237,2026-07-17,5819.50,placed,INR
ord_000091,cust_00070,2026-07-17,942.00,placed,INR
ord_000096,cust_00022,2026-07-17,6143.00,placed,INR
ord_000097,cust_00221,2026-07-17,246.00,placed,INR
ord_000132,cust_00208,2026-07-17,1286.00,placed,INR
ord_000163,cust_00190,2026-07-17,13195.00,placed,INR
ord_000185,cust_00058,2026-07-17,2518.00,placed,INR
ord_000190,cust_00059,2026-07-17,8565.00,placed,INR
ord_000210,cust_00050,2026-07-17,12422.00,placed,INR
ord_000215,cust_00234,2026-07-17,2220.00,placed,INR
ord_000222,cust_00160,2026-07-17,593.50,placed,INR
ord_000275,cust_00129,2026-07-17,46464.00,placed,INR
ord_000283,cust_00097,2026-07-17,382703.00,placed,INR
ord_000329,cust_00239,2026-07-17,1706.00,placed,INR
ord_000358,cust_00155,2026-07-17,2590.00,placed,INR
ord_000367,cust_00140,2026-07-17,1017.99,placed,INR
ord_000396,cust_00108,2026-07-17,769.50,placed,INR
ord_000609,cust_00153,2026-07-17,53506.00,placed,INR
ord_000639,cust_00045,2026-07-17,1165.99,placed,INR
ord_000640,cust_00064,2026-07-17,26013.00,placed,INR
ord_000655,cust_00028,2026-07-17,9614.50,placed,INR
ord_000682,cust_00030,2026-07-17,1029.99,placed,INR
ord_000697,cust_00032,2026-07-17,2300.99,placed,INR
ord_000749,cust_00209,2026-07-17,3018.00,placed,INR
ord_000752,cust_00003,2026-07-17,4134.00,placed,INR
ord_000802,cust_00233,2026-07-17,14322.00,placed,INR
ord_000994,cust_00143,2026-07-17,869.99,placed,INR
ord_000052,cust_00121,2026-07-18,1609.50,placed,INR
ord_000074,cust_00011,2026-07-18,10818.50,placed,INR
ord_000138,cust_00249,2026-07-18,13840.00,placed,INR
ord_000143,cust_00100,2026-07-18,1062.00,placed,INR
ord_000146,cust_00228,2026-07-18,1694.00,placed,INR
ord_000173,cust_00148,2026-07-18,23249.99,placed,INR
ord_000175,cust_00230,2026-07-18,1836.50,placed,INR
ord_000204,cust_00021,2026-07-18,705.99,placed,INR
ord_000226,cust_00146,2026-07-18,1239.00,placed,INR
ord_000448,cust_00250,2026-07-18,11475.50,placed,INR
ord_000556,cust_00224,2026-07-18,4319.50,placed,INR
ord_000620,cust_00046,2026-07-18,1638.50,placed,INR
ord_000751,cust_00093,2026-07-18,1321.00,placed,INR
ord_000786,cust_00018,2026-07-18,27840.97,placed,INR
ord_000976,cust_00129,2026-07-18,2024.99,placed,INR
ord_000982,cust_00109,2026-07-18,1320.00,placed,INR
ord_000031,cust_00002,2026-07-19,2388.00,placed,INR
ord_000123,cust_00186,2026-07-19,4871.00,placed,INR
ord_000311,cust_00165,2026-07-19,73600.00,placed,INR
ord_000334,cust_00044,2026-07-19,2343.00,placed,INR
ord_000335,cust_00196,2026-07-19,3384.00,placed,INR
ord_000380,cust_00195,2026-07-19,711.50,placed,INR
ord_000409,cust_00075,2026-07-19,2221.50,placed,INR
ord_000445,cust_00177,2026-07-19,1276.00,placed,INR
ord_000493,cust_00037,2026-07-19,16050.50,placed,INR
ord_000540,cust_00215,2026-07-19,1106.50,placed,INR
ord_000602,cust_00089,2026-07-19,342.00,placed,INR
ord_000618,cust_00033,2026-07-19,9036.00,placed,INR
ord_000623,cust_00030,2026-07-19,1096.00,placed,INR
ord_000719,cust_00204,2026-07-19,4812.00,placed,INR
ord_000812,cust_00115,2026-07-19,9861.50,placed,INR
ord_000933,cust_00093,2026-07-19,1738.99,placed,INR
ord_000941,cust_00198,2026-07-19,1922.99,placed,INR
ord_000989,cust_00195,2026-07-19,2313.00,placed,INR
ord_000013,cust_00064,2026-07-20,13952.00,placed,INR
ord_000046,cust_00165,2026-07-20,13906.00,placed,INR
ord_000107,cust_00177,2026-07-20,1139.00,placed,INR
ord_000120,cust_00078,2026-07-20,3884.99,placed,INR
ord_000240,cust_00020,2026-07-20,2229.99,placed,INR
ord_000263,cust_00150,2026-07-20,1793.00,placed,INR
ord_000318,cust_00203,2026-07-20,517.99,placed,INR
ord_000343,cust_00068,2026-07-20,2431.99,placed,INR
ord_000415,cust_00028,2026-07-20,976.50,placed,INR
ord_000436,cust_00080,2026-07-20,5219.50,placed,INR
ord_000451,cust_00156,2026-07-20,1818.50,placed,INR
ord_000501,cust_00052,2026-07-20,2327.50,placed,INR
ord_000535,cust_00089,2026-07-20,4472.00,placed,INR
ord_000542,cust_00157,2026-07-20,1470.00,placed,INR
ord_000580,cust_00102,2026-07-20,12104.00,placed,INR
ord_000596,cust_00103,2026-07-20,10436.00,placed,INR
ord_000625,cust_00040,2026-07-20,359.99,placed,INR
ord_000626,cust_00162,2026-07-20,5443.99,placed,INR
ord_000678,cust_00222,2026-07-20,313.00,placed,INR
ord_000694,cust_00031,2026-07-20,9479.00,placed,INR
ord_000720,cust_00247,2026-07-20,14616.00,placed,INR
ord_000729,cust_00149,2026-07-20,2123.99,placed,INR
ord_000765,cust_00226,2026-07-20,193565.99,placed,INR
ord_000767,cust_00073,2026-07-20,215.50,placed,INR
ord_000773,cust_00039,2026-07-20,1639.00,placed,INR
ord_000811,cust_00116,2026-07-20,7005.50,placed,INR
ord_000843,cust_00078,2026-07-20,1756.50,placed,INR
ord_000862,cust_00234,2026-07-20,2446.00,placed,INR
ord_000873,cust_00009,2026-07-20,4149.00,placed,INR
ord_000877,cust_00208,2026-07-20,2489.50,placed,INR
ord_000946,cust_00190,2026-07-20,1476.00,placed,INR
ord_000973,cust_00025,2026-07-20,521.00,placed,INR
ord_000001,cust_00243,2026-07-21,396.00,placed,INR
ord_000012,cust_00120,2026-07-21,9924.00,placed,INR
ord_000072,cust_00175,2026-07-21,2474.50,placed,INR
ord_000076,cust_00157,2026-07-21,54723.99,placed,INR
ord_000087,cust_00024,2026-07-21,2819.00,placed,INR
ord_000115,cust_00063,2026-07-21,1466.00,placed,INR
ord_000151,cust_00193,2026-07-21,1830.00,placed,INR
ord_000221,cust_00042,2026-07-21,135166.00,placed,INR
ord_000229,cust_00017,2026-07-21,1206.99,placed,INR
ord_000239,cust_00105,2026-07-21,5533.99,placed,INR
ord_000254,cust_00014,2026-07-21,12926.50,placed,INR
ord_000274,cust_00230,2026-07-21,9977.00,placed,INR
ord_000328,cust_00087,2026-07-21,284.00,placed,INR
ord_000347,cust_00044,2026-07-21,1252.99,placed,INR
ord_000455,cust_00123,2026-07-21,1025.00,placed,INR
ord_000460,cust_00153,2026-07-21,1348.99,placed,INR
ord_000546,cust_00126,2026-07-21,1084.00,placed,INR
ord_000563,cust_00053,2026-07-21,73409.00,placed,INR
ord_000661,cust_00098,2026-07-21,1658.00,placed,INR
ord_000731,cust_00231,2026-07-21,1253.99,placed,INR
ord_000808,cust_00098,2026-07-21,1952.00,placed,INR
ord_000818,cust_00066,2026-07-21,1993.00,placed,INR
ord_000839,cust_00086,2026-07-21,223.00,placed,INR
ord_000848,cust_00003,2026-07-21,1873.99,placed,INR
ord_000849,cust_00010,2026-07-21,1997.00,placed,INR
ord_000886,cust_00120,2026-07-21,2392.00,placed,INR
ord_000043,cust_00190,2026-07-22,860.99,placed,INR
ord_000089,cust_00133,2026-07-22,10892.00,placed,INR
ord_000203,cust_00114,2026-07-22,210.00,placed,INR
ord_000308,cust_00229,2026-07-22,13888.00,placed,INR
ord_000410,cust_00129,2026-07-22,345512.00,placed,INR
ord_000441,cust_00075,2026-07-22,1559.99,placed,INR
ord_000484,cust_00057,2026-07-22,5453.50,placed,INR
ord_000524,cust_00103,2026-07-22,1571.50,placed,INR
ord_000551,cust_00172,2026-07-22,1028.99,placed,INR
ord_000562,cust_00083,2026-07-22,54851.00,placed,INR
ord_000600,cust_00104,2026-07-22,4519.50,placed,INR
ord_000775,cust_00165,2026-07-22,61947.50,placed,INR
ord_000776,cust_00230,2026-07-22,1159.00,placed,INR
ord_000833,cust_00197,2026-07-22,2082.00,placed,INR
ord_000897,cust_00022,2026-07-22,10065.99,placed,INR
ord_000921,cust_00023,2026-07-22,178193.50,placed,INR
ord_000979,cust_00136,2026-07-22,6069.99,placed,INR
ord_000988,cust_00158,2026-07-22,1849.00,placed,INR
ord_000028,cust_00175,2026-07-23,77765.00,placed,INR
ord_000053,cust_00245,2026-07-23,20278.00,placed,INR
ord_000116,cust_00047,2026-07-23,1762.00,placed,INR
ord_000291,cust_00137,2026-07-23,1432.99,placed,INR
ord_000336,cust_00126,2026-07-23,954.50,placed,INR
ord_000341,cust_00025,2026-07-23,1815.00,placed,INR
ord_000368,cust_00026,2026-07-23,9983.99,placed,INR
ord_000372,cust_00164,2026-07-23,1322.50,placed,INR
ord_000379,cust_00171,2026-07-23,9271.50,placed,INR
ord_000381,cust_00201,2026-07-23,6881.50,placed,INR
ord_000449,cust_00137,2026-07-23,2466.50,placed,INR
ord_000558,cust_00101,2026-07-23,1773.00,placed,INR
ord_000567,cust_00011,2026-07-23,8252.50,placed,INR
ord_000588,cust_00071,2026-07-23,1291.00,placed,INR
ord_000601,cust_00142,2026-07-23,982.50,placed,INR
ord_000619,cust_00104,2026-07-23,10109.00,placed,INR
ord_000632,cust_00192,2026-07-23,42343.50,placed,INR
ord_000634,cust_00243,2026-07-23,44003.00,placed,INR
ord_000641,cust_00106,2026-07-23,1471.00,placed,INR
ord_000698,cust_00185,2026-07-23,1646.00,placed,INR
ord_000699,cust_00141,2026-07-23,661.00,placed,INR
ord_000713,cust_00081,2026-07-23,2179.00,placed,INR
ord_000724,cust_00039,2026-07-23,228.50,placed,INR
ord_000764,cust_00053,2026-07-23,1942.00,placed,INR
ord_000874,cust_00050,2026-07-23,58026.00,placed,INR
ord_000930,cust_00174,2026-07-23,2462.99,placed,INR
ord_000041,cust_00122,2026-07-24,2198.50,placed,INR
ord_000145,cust_00034,2026-07-24,12849.99,placed,INR
ord_000153,cust_00017,2026-07-24,511.00,placed,INR
ord_000170,cust_00067,2026-07-24,5811.00,placed,INR
ord_000192,cust_00175,2026-07-24,226.00,placed,INR
ord_000211,cust_00070,2026-07-24,377.00,placed,INR
ord_000218,cust_00201,2026-07-24,3794.99,placed,INR
ord_000232,cust_00011,2026-07-24,6315.00,placed,INR
ord_000277,cust_00010,2026-07-24,1851.00,placed,INR
ord_000284,cust_00085,2026-07-24,9746.00,placed,INR
ord_000432,cust_00199,2026-07-24,13884.00,placed,INR
ord_000470,cust_00248,2026-07-24,1107.00,placed,INR
ord_000477,cust_00124,2026-07-24,2006.00,placed,INR
ord_000491,cust_00111,2026-07-24,205134.00,placed,INR
ord_000573,cust_00082,2026-07-24,506.00,placed,INR
ord_000606,cust_00091,2026-07-24,1858.50,placed,INR
ord_000668,cust_00001,2026-07-24,2293.50,placed,INR
ord_000712,cust_00187,2026-07-24,2117.50,placed,INR
ord_000756,cust_00189,2026-07-24,925.00,placed,INR
ord_000810,cust_00092,2026-07-24,11062.99,placed,INR
ord_000814,cust_00126,2026-07-24,1172.99,placed,INR
ord_000815,cust_00134,2026-07-24,1760.00,placed,INR
ord_000821,cust_00236,2026-07-24,2011.50,placed,INR
ord_000822,cust_00011,2026-07-24,7337.50,placed,INR
ord_000882,cust_00044,2026-07-24,3975.00,placed,INR
ord_000935,cust_00178,2026-07-24,18755.44,placed,INR
ord_000943,cust_00177,2026-07-24,36246.00,placed,INR
ord_000955,cust_00184,2026-07-24,49691.00,placed,INR
ord_000122,cust_00196,2026-07-25,2223.00,placed,INR
ord_000128,cust_00214,2026-07-25,406.00,placed,INR
ord_000134,cust_00020,2026-07-25,1375.00,placed,INR
ord_000150,cust_00081,2026-07-25,1556.00,placed,INR
ord_000172,cust_00070,2026-07-25,453.50,placed,INR
ord_000259,cust_00092,2026-07-25,1210.00,placed,INR
ord_000324,cust_00028,2026-07-25,1031.00,placed,INR
ord_000353,cust_00039,2026-07-25,238390.00,placed,INR
ord_000440,cust_00200,2026-07-25,6956.99,placed,INR
ord_000450,cust_00052,2026-07-25,14332.00,placed,INR
ord_000544,cust_00249,2026-07-25,2694.00,placed,INR
ord_000549,cust_00214,2026-07-25,646.99,placed,INR
ord_000590,cust_00006,2026-07-25,1820.99,placed,INR
ord_000672,cust_00076,2026-07-25,1624.99,placed,INR
ord_000841,cust_00066,2026-07-25,7395.99,placed,INR
ord_000915,cust_00104,2026-07-25,29964.00,placed,INR
ord_000924,cust_00070,2026-07-25,817.00,placed,INR
ord_000035,cust_00027,2026-07-26,1839.00,placed,INR
ord_000059,cust_00119,2026-07-26,546.00,placed,INR
ord_000109,cust_00089,2026-07-26,148062.00,placed,INR
ord_000149,cust_00078,2026-07-26,9318.00,placed,INR
ord_000164,cust_00168,2026-07-26,2178.99,placed,INR
ord_000199,cust_00116,2026-07-26,72906.00,placed,INR
ord_000246,cust_00187,2026-07-26,223.50,placed,INR
ord_000295,cust_00208,2026-07-26,246.00,placed,INR
ord_000356,cust_00219,2026-07-26,13861.00,placed,INR
ord_000373,cust_00016,2026-07-26,1913.50,placed,INR
ord_000519,cust_00227,2026-07-26,1130.00,placed,INR
ord_000571,cust_00113,2026-07-26,12124.00,placed,INR
ord_000622,cust_00091,2026-07-26,21402.00,placed,INR
ord_000624,cust_00011,2026-07-26,9556.00,placed,INR
ord_000675,cust_00247,2026-07-26,3834.00,placed,INR
ord_000708,cust_00216,2026-07-26,847.50,placed,INR
ord_000709,cust_00059,2026-07-26,12508.99,placed,INR
ord_000722,cust_00086,2026-07-26,1580.00,placed,INR
ord_000725,cust_00115,2026-07-26,1437.00,placed,INR
ord_000739,cust_00157,2026-07-26,8034.00,placed,INR
ord_000742,cust_00066,2026-07-26,72233.00,placed,INR
ord_000790,cust_00109,2026-07-26,1915.50,placed,INR
ord_000795,cust_00178,2026-07-26,13720.50,placed,INR
ord_000831,cust_00126,2026-07-26,237.00,placed,INR
ord_000842,cust_00131,2026-07-26,59634.00,placed,INR
ord_000879,cust_00119,2026-07-26,361.99,placed,INR
ord_000888,cust_00143,2026-07-26,719.00,placed,INR
ord_000914,cust_00170,2026-07-26,12762.77,placed,INR
ord_000920,cust_00217,2026-07-26,332.00,placed,INR
ord_000961,cust_00101,2026-07-26,14664.00,placed,INR
ord_000962,cust_00101,2026-07-26,1578.00,placed,INR
ord_000171,cust_00099,2026-07-27,2345.00,placed,INR
ord_000244,cust_00245,2026-07-27,1662.50,placed,INR
ord_000245,cust_00005,2026-07-27,8460.00,placed,INR
ord_000427,cust_00141,2026-07-27,2133.00,placed,INR
ord_000486,cust_00106,2026-07-27,303.00,placed,INR
ord_000496,cust_00056,2026-07-27,939.00,placed,INR
ord_000504,cust_00234,2026-07-27,4683.00,placed,INR
ord_000530,cust_00249,2026-07-27,2057.00,placed,INR
ord_000554,cust_00223,2026-07-27,1880.99,placed,INR
ord_000569,cust_00096,2026-07-27,2498.99,placed,INR
ord_000594,cust_00155,2026-07-27,2228.00,placed,INR
ord_000670,cust_00228,2026-07-27,1995.00,placed,INR
ord_000681,cust_00093,2026-07-27,2006.50,placed,INR
ord_000744,cust_00158,2026-07-27,7893.00,placed,INR
ord_000809,cust_00040,2026-07-27,8646.00,placed,INR
ord_000830,cust_00122,2026-07-27,465.50,placed,INR
ord_000858,cust_00058,2026-07-27,6720.50,placed,INR
ord_000905,cust_00024,2026-07-27,8221.99,placed,INR
ord_000922,cust_00170,2026-07-27,1189.00,placed,INR
ord_000942,cust_00167,2026-07-27,1757.50,placed,INR
ord_000952,cust_00164,2026-07-27,1488.00,placed,INR
ord_000964,cust_00172,2026-07-27,33923.00,placed,INR
ord_000984,cust_00058,2026-07-27,3396.00,placed,INR
ord_000993,cust_00004,2026-07-27,13011.99,placed,INR
ord_000027,cust_00222,2026-07-28,14073.50,placed,INR
ord_000095,cust_00230,2026-07-28,267.00,placed,INR
ord_000154,cust_00194,2026-07-28,396.00,placed,INR
ord_000168,cust_00036,2026-07-28,1198.00,placed,INR
ord_000176,cust_00245,2026-07-28,288.00,placed,INR
ord_000342,cust_00228,2026-07-28,8594.00,placed,INR
ord_000354,cust_00071,2026-07-28,636.00,placed,INR
ord_000359,cust_00180,2026-07-28,14773.50,placed,INR
ord_000362,cust_00081,2026-07-28,599.50,placed,INR
ord_000364,cust_00124,2026-07-28,1875.99,placed,INR
ord_000385,cust_00160,2026-07-28,13301.00,placed,INR
ord_000408,cust_00088,2026-07-28,2468.00,placed,INR
ord_000443,cust_00250,2026-07-28,39685.50,placed,INR
ord_000446,cust_00041,2026-07-28,3192.00,placed,INR
ord_000463,cust_00025,2026-07-28,65282.99,placed,INR
ord_000534,cust_00061,2026-07-28,33843.00,placed,INR
ord_000561,cust_00148,2026-07-28,1149.00,placed,INR
ord_000628,cust_00172,2026-07-28,8218.00,placed,INR
ord_000647,cust_00195,2026-07-28,59369.00,placed,INR
ord_000771,cust_00222,2026-07-28,1417.00,placed,INR
ord_000823,cust_00166,2026-07-28,6707.00,placed,INR
ord_000852,cust_00220,2026-07-28,3302.00,placed,INR
ord_000892,cust_00101,2026-07-28,4295.00,placed,INR
ord_000015,cust_00074,2026-07-29,3699.00,placed,INR
ord_000102,cust_00129,2026-07-29,6932.00,placed,INR
ord_000160,cust_00158,2026-07-29,13059.00,placed,INR
ord_000179,cust_00064,2026-07-29,6166.00,placed,INR
ord_000264,cust_00129,2026-07-29,294.00,placed,INR
ord_000294,cust_00025,2026-07-29,791.00,placed,INR
ord_000391,cust_00089,2026-07-29,5916.50,placed,INR
ord_000395,cust_00172,2026-07-29,51376.00,placed,INR
ord_000557,cust_00178,2026-07-29,1643.00,placed,INR
ord_000560,cust_00077,2026-07-29,1444.00,placed,INR
ord_000705,cust_00004,2026-07-29,817.50,placed,INR
ord_000827,cust_00098,2026-07-29,1897.50,placed,INR
ord_000851,cust_00053,2026-07-29,3445.00,placed,INR
ord_000990,cust_00200,2026-07-29,1004.00,placed,INR
ord_000067,cust_00170,2026-07-30,10966.50,placed,INR
ord_000140,cust_00120,2026-07-30,684.99,placed,INR
ord_000262,cust_00141,2026-07-30,7517.50,placed,INR
ord_000266,cust_00215,2026-07-30,2137.50,placed,INR
ord_000345,cust_00033,2026-07-30,316.93,placed,INR
ord_000400,cust_00179,2026-07-30,13400.00,placed,INR
ord_000401,cust_00096,2026-07-30,507.00,placed,INR
ord_000434,cust_00172,2026-07-30,31649.00,placed,INR
ord_000453,cust_00139,2026-07-30,1653.00,placed,INR
ord_000586,cust_00157,2026-07-30,453.00,placed,INR
ord_000674,cust_00110,2026-07-30,74552.00,placed,INR
ord_000759,cust_00055,2026-07-30,307.00,placed,INR
ord_000836,cust_00015,2026-07-30,5774.00,placed,INR
ord_000847,cust_00236,2026-07-30,13377.00,placed,INR
ord_000908,cust_00214,2026-07-30,13642.99,placed,INR
ord_000978,cust_00029,2026-07-30,1395.98,placed,INR
ord_000042,cust_00124,2026-07-31,789.00,placed,INR
ord_000055,cust_00160,2026-07-31,399953.00,placed,INR
ord_000056,cust_00233,2026-07-31,13037.00,placed,INR
ord_000058,cust_00228,2026-07-31,1560.00,placed,INR
ord_000071,cust_00159,2026-07-31,11617.00,placed,INR
ord_000078,cust_00130,2026-07-31,60823.99,placed,INR
ord_000117,cust_00072,2026-07-31,1022.00,placed,INR
ord_000208,cust_00008,2026-07-31,6563.50,placed,INR
ord_000241,cust_00017,2026-07-31,1818.99,placed,INR
ord_000316,cust_00121,2026-07-31,13929.00,placed,INR
ord_000378,cust_00165,2026-07-31,6202.00,placed,INR
ord_000383,cust_00001,2026-07-31,7107.00,placed,INR
ord_000476,cust_00083,2026-07-31,1796.00,placed,INR
ord_000490,cust_00214,2026-07-31,1254.00,placed,INR
ord_000553,cust_00069,2026-07-31,14108.00,placed,INR
ord_000691,cust_00199,2026-07-31,1728.99,placed,INR
ord_000723,cust_00129,2026-07-31,1196.00,placed,INR
ord_000837,cust_00221,2026-07-31,1910.99,placed,INR
ord_000872,cust_00070,2026-07-31,6222.99,placed,INR
ord_000918,cust_00108,2026-07-31,1425.50,placed,INR
ord_000951,cust_00069,2026-07-31,2043.99,placed,INR
ord_000017,cust_00108,2026-08-01,516.99,placed,INR
ord_000147,cust_00230,2026-08-01,8956.00,placed,INR
ord_000161,cust_00013,2026-08-01,51051.00,placed,INR
ord_000178,cust_00001,2026-08-01,2361.50,placed,INR
ord_000191,cust_00009,2026-08-01,14269.50,placed,INR
ord_000216,cust_00047,2026-08-01,1441.00,placed,INR
ord_000223,cust_00182,2026-08-01,26350.00,placed,INR
ord_000339,cust_00043,2026-08-01,530.50,placed,INR
ord_000397,cust_00143,2026-08-01,2112.00,placed,INR
ord_000462,cust_00151,2026-08-01,6786.00,placed,INR
ord_000488,cust_00028,2026-08-01,2175.00,placed,INR
ord_000499,cust_00195,2026-08-01,1042.00,placed,INR
ord_000510,cust_00115,2026-08-01,2371.99,placed,INR
ord_000654,cust_00022,2026-08-01,7934.99,placed,INR
ord_000758,cust_00055,2026-08-01,8139.50,placed,INR
ord_000869,cust_00090,2026-08-01,2232.00,placed,INR
ord_000903,cust_00135,2026-08-01,3631.99,placed,INR
ord_000913,cust_00148,2026-08-01,59913.00,placed,INR
ord_000926,cust_00082,2026-08-01,48210.99,placed,INR
ord_000016,cust_00108,2026-08-02,1600.00,placed,INR
ord_000068,cust_00034,2026-08-02,2343.99,placed,INR
ord_000086,cust_00104,2026-08-02,1000.00,placed,INR
ord_000118,cust_00199,2026-08-02,1281.00,placed,INR
ord_000124,cust_00161,2026-08-02,2269.00,placed,INR
ord_000193,cust_00018,2026-08-02,1019.00,placed,INR
ord_000288,cust_00094,2026-08-02,23652.50,placed,INR
ord_000357,cust_00162,2026-08-02,289.00,placed,INR
ord_000404,cust_00124,2026-08-02,790.00,placed,INR
ord_000473,cust_00182,2026-08-02,14978.50,placed,INR
ord_000494,cust_00088,2026-08-02,2013.00,placed,INR
ord_000518,cust_00195,2026-08-02,698.00,placed,INR
ord_000574,cust_00045,2026-08-02,1406.00,placed,INR
ord_000575,cust_00228,2026-08-02,56359.00,placed,INR
ord_000608,cust_00053,2026-08-02,2053.00,placed,INR
ord_000636,cust_00014,2026-08-02,5874.50,placed,INR
ord_000706,cust_00124,2026-08-02,3080.00,placed,INR
ord_000716,cust_00068,2026-08-02,2362.99,placed,INR
ord_000721,cust_00219,2026-08-02,8241.99,placed,INR
ord_000887,cust_00066,2026-08-02,1008.00,placed,INR
ord_000966,cust_00001,2026-08-02,13441.00,placed,INR
ord_000969,cust_00032,2026-08-02,73904.00,placed,INR
ord_000047,cust_00094,2026-08-03,38310.00,placed,INR
ord_000051,cust_00127,2026-08-03,317.00,placed,INR
ord_000121,cust_00219,2026-08-03,13273.99,placed,INR
ord_000125,cust_00193,2026-08-03,264.99,placed,INR
ord_000174,cust_00162,2026-08-03,6038.00,placed,INR
ord_000230,cust_00060,2026-08-03,4147.50,placed,INR
ord_000281,cust_00149,2026-08-03,4213.00,placed,INR
ord_000286,cust_00065,2026-08-03,1479.00,placed,INR
ord_000370,cust_00088,2026-08-03,2070.00,placed,INR
ord_000388,cust_00213,2026-08-03,260.00,placed,INR
ord_000407,cust_00142,2026-08-03,5952.00,placed,INR
ord_000495,cust_00074,2026-08-03,1981.00,placed,INR
ord_000507,cust_00239,2026-08-03,2311.00,placed,INR
ord_000566,cust_00187,2026-08-03,8881.50,placed,INR
ord_000576,cust_00075,2026-08-03,5904.99,placed,INR
ord_000757,cust_00008,2026-08-03,1192.50,placed,INR
ord_000781,cust_00110,2026-08-03,1116.99,placed,INR
ord_000783,cust_00091,2026-08-03,3766.00,placed,INR
ord_000803,cust_00151,2026-08-03,1105.00,placed,INR
ord_000819,cust_00163,2026-08-03,562.00,placed,INR
ord_000928,cust_00003,2026-08-03,917.00,placed,INR
ord_000002,cust_00025,2026-08-04,436.99,placed,INR
ord_000008,cust_00031,2026-08-04,11679.00,placed,INR
ord_000048,cust_00139,2026-08-04,7901.00,placed,INR
ord_000066,cust_00108,2026-08-04,3497.00,placed,INR
ord_000106,cust_00214,2026-08-04,78590.99,placed,INR
ord_000131,cust_00024,2026-08-04,3582.50,placed,INR
ord_000186,cust_00078,2026-08-04,226068.00,placed,INR
ord_000207,cust_00236,2026-08-04,1523.00,placed,INR
ord_000282,cust_00162,2026-08-04,14590.00,placed,INR
ord_000299,cust_00007,2026-08-04,1172.00,placed,INR
ord_000392,cust_00043,2026-08-04,13772.99,placed,INR
ord_000565,cust_00199,2026-08-04,1989.99,placed,INR
ord_000610,cust_00064,2026-08-04,2288.00,placed,INR
ord_000747,cust_00175,2026-08-04,11593.00,placed,INR
ord_000789,cust_00073,2026-08-04,1879.00,placed,INR
ord_000798,cust_00098,2026-08-04,1750.00,placed,INR
ord_000840,cust_00071,2026-08-04,553.00,placed,INR
ord_000844,cust_00066,2026-08-04,738.00,placed,INR
ord_000856,cust_00215,2026-08-04,1046.99,placed,INR
ord_000889,cust_00129,2026-08-04,588.00,placed,INR
ord_000957,cust_00212,2026-08-04,7506.00,placed,INR
ord_000985,cust_00085,2026-08-04,6624.00,placed,INR
ord_000007,cust_00220,2026-08-05,1915.00,placed,INR
ord_000075,cust_00008,2026-08-05,3538.50,placed,INR
ord_000088,cust_00118,2026-08-05,273.50,placed,INR
ord_000098,cust_00107,2026-08-05,32554.99,placed,INR
ord_000104,cust_00049,2026-08-05,1205.50,placed,INR
ord_000159,cust_00053,2026-08-05,3310.50,placed,INR
ord_000301,cust_00169,2026-08-05,24323.50,placed,INR
ord_000414,cust_00227,2026-08-05,402.50,placed,INR
ord_000472,cust_00232,2026-08-05,391.00,placed,INR
ord_000485,cust_00228,2026-08-05,810.00,placed,INR
ord_000513,cust_00210,2026-08-05,16274.00,placed,INR
ord_000526,cust_00014,2026-08-05,799.00,placed,INR
ord_000599,cust_00093,2026-08-05,2385.50,placed,INR
ord_000605,cust_00114,2026-08-05,1182.00,placed,INR
ord_000616,cust_00234,2026-08-05,2248.00,placed,INR
ord_000796,cust_00172,2026-08-05,202.50,placed,INR
ord_000854,cust_00189,2026-08-05,10662.00,placed,INR
ord_000936,cust_00097,2026-08-05,2298.00,placed,INR
ord_000959,cust_00025,2026-08-05,13609.50,placed,INR
ord_000977,cust_00153,2026-08-05,3148.99,placed,INR
ord_000018,cust_00203,2026-08-06,7640.00,placed,INR
ord_000038,cust_00039,2026-08-06,1688.99,placed,INR
ord_000137,cust_00035,2026-08-06,447.50,placed,INR
ord_000248,cust_00227,2026-08-06,864.00,placed,INR
ord_000258,cust_00056,2026-08-06,2320.00,placed,INR
ord_000333,cust_00056,2026-08-06,3989.99,placed,INR
ord_000338,cust_00242,2026-08-06,1078.00,placed,INR
ord_000423,cust_00165,2026-08-06,3394.50,placed,INR
ord_000424,cust_00134,2026-08-06,685.50,placed,INR
ord_000425,cust_00179,2026-08-06,44259.00,placed,INR
ord_000457,cust_00145,2026-08-06,2317.00,placed,INR
ord_000487,cust_00215,2026-08-06,886.00,placed,INR
ord_000509,cust_00193,2026-08-06,34106.00,placed,INR
ord_000525,cust_00206,2026-08-06,248102.50,placed,INR
ord_000539,cust_00074,2026-08-06,558.99,placed,INR
ord_000578,cust_00162,2026-08-06,3193.50,placed,INR
ord_000582,cust_00069,2026-08-06,11207.99,placed,INR
ord_000677,cust_00108,2026-08-06,46505.00,placed,INR
ord_000727,cust_00142,2026-08-06,8078.00,placed,INR
ord_000829,cust_00119,2026-08-06,60937.50,placed,INR
ord_000881,cust_00215,2026-08-06,1733.00,placed,INR
ord_000893,cust_00228,2026-08-06,1090.00,placed,INR
ord_000944,cust_00127,2026-08-06,11222.00,placed,INR
ord_000967,cust_00111,2026-08-06,1320.00,placed,INR
ord_000006,cust_00102,2026-08-07,1104.00,placed,INR
ord_000144,cust_00024,2026-08-07,2345.00,placed,INR
ord_000276,cust_00068,2026-08-07,6389.00,placed,INR
ord_000337,cust_00089,2026-08-07,48760.00,placed,INR
ord_000346,cust_00084,2026-08-07,2043.99,placed,INR
ord_000555,cust_00031,2026-08-07,811.50,placed,INR
ord_000589,cust_00017,2026-08-07,2041.99,placed,INR
ord_000726,cust_00017,2026-08-07,1462.00,placed,INR
ord_000769,cust_00014,2026-08-07,28750.00,placed,INR
ord_000817,cust_00046,2026-08-07,2429.00,placed,INR
ord_000846,cust_00037,2026-08-07,1598.00,placed,INR
ord_000861,cust_00205,2026-08-07,2495.00,placed,INR
ord_000871,cust_00139,2026-08-07,5798.00,placed,INR
ord_000880,cust_00025,2026-08-07,739.50,placed,INR
ord_000910,cust_00137,2026-08-07,12863.00,placed,INR
ord_000947,cust_00077,2026-08-07,65926.00,placed,INR
ord_000983,cust_00029,2026-08-07,2296.99,placed,INR
ord_000198,cust_00037,2026-08-08,445.00,placed,INR
ord_000213,cust_00235,2026-08-08,3570.00,placed,INR
ord_000217,cust_00061,2026-08-08,1507.50,placed,INR
ord_000235,cust_00067,2026-08-08,13391.00,placed,INR
ord_000330,cust_00129,2026-08-08,1377.99,placed,INR
ord_000390,cust_00026,2026-08-08,6327.00,placed,INR
ord_000399,cust_00221,2026-08-08,5127.00,placed,INR
ord_000416,cust_00197,2026-08-08,10705.99,placed,INR
ord_000437,cust_00016,2026-08-08,1996.50,placed,INR
ord_000461,cust_00006,2026-08-08,1037.99,placed,INR
ord_000464,cust_00247,2026-08-08,354.00,placed,INR
ord_000536,cust_00246,2026-08-08,48671.00,placed,INR
ord_000548,cust_00224,2026-08-08,453.99,placed,INR
ord_000648,cust_00119,2026-08-08,9153.00,placed,INR
ord_000665,cust_00149,2026-08-08,4824.00,placed,INR
ord_000734,cust_00073,2026-08-08,13099.59,placed,INR
ord_000778,cust_00060,2026-08-08,13942.00,placed,INR
ord_000937,cust_00192,2026-08-08,1531.50,placed,INR
ord_000958,cust_00241,2026-08-08,1195.00,placed,INR
ord_000972,cust_00212,2026-08-08,1071.00,placed,INR
ord_000011,cust_00053,2026-08-09,2376.50,placed,INR
ord_000032,cust_00145,2026-08-09,713.99,placed,INR
ord_000033,cust_00168,2026-08-09,3384.50,placed,INR
ord_000049,cust_00208,2026-08-09,14924.00,placed,INR
ord_000061,cust_00212,2026-08-09,10271.00,placed,INR
ord_000135,cust_00162,2026-08-09,3769.99,placed,INR
ord_000257,cust_00217,2026-08-09,2136.00,placed,INR
ord_000265,cust_00126,2026-08-09,2029.99,placed,INR
ord_000303,cust_00045,2026-08-09,460.00,placed,INR
ord_000320,cust_00238,2026-08-09,779.00,placed,INR
ord_000403,cust_00012,2026-08-09,7914.00,placed,INR
ord_000417,cust_00097,2026-08-09,12769.99,placed,INR
ord_000480,cust_00222,2026-08-09,771.50,placed,INR
ord_000500,cust_00172,2026-08-09,5648.99,placed,INR
ord_000512,cust_00047,2026-08-09,1476.00,placed,INR
ord_000533,cust_00026,2026-08-09,2330.00,placed,INR
ord_000552,cust_00218,2026-08-09,2319.00,placed,INR
ord_000633,cust_00213,2026-08-09,2358.00,placed,INR
ord_000695,cust_00224,2026-08-09,702.86,placed,INR
ord_000754,cust_00035,2026-08-09,2424.99,placed,INR
ord_000949,cust_00083,2026-08-09,41416.00,placed,INR
ord_000971,cust_00230,2026-08-09,474.99,placed,INR
ord_000992,cust_00185,2026-08-09,1648.00,placed,INR
ord_000101,cust_00079,2026-08-10,1042.00,placed,INR
ord_000129,cust_00137,2026-08-10,10516.00,placed,INR
ord_000158,cust_00103,2026-08-10,76649.99,placed,INR
ord_000256,cust_00202,2026-08-10,12675.50,placed,INR
ord_000278,cust_00240,2026-08-10,1541.50,placed,INR
ord_000304,cust_00013,2026-08-10,330570.99,placed,INR
ord_000315,cust_00236,2026-08-10,13399.99,placed,INR
ord_000326,cust_00162,2026-08-10,608.00,placed,INR
ord_000374,cust_00179,2026-08-10,12005.00,placed,INR
ord_000402,cust_00093,2026-08-10,2967.00,placed,INR
ord_000413,cust_00023,2026-08-10,3156.50,placed,INR
ord_000482,cust_00020,2026-08-10,1590.00,placed,INR
ord_000503,cust_00222,2026-08-10,20919.00,placed,INR
ord_000515,cust_00148,2026-08-10,1175.50,placed,INR
ord_000607,cust_00246,2026-08-10,7370.50,placed,INR
ord_000689,cust_00246,2026-08-10,4172.50,placed,INR
ord_000741,cust_00157,2026-08-10,2223.99,placed,INR
ord_000777,cust_00177,2026-08-10,751.99,placed,INR
ord_000792,cust_00002,2026-08-10,2251.00,placed,INR
ord_000807,cust_00243,2026-08-10,13183.00,placed,INR
ord_000904,cust_00017,2026-08-10,405.00,placed,INR
ord_000956,cust_00032,2026-08-10,247.00,placed,INR
ord_000995,cust_00081,2026-08-10,240299.00,placed,INR
ord_000063,cust_00027,2026-08-11,769.50,placed,INR
ord_000187,cust_00215,2026-08-11,46149.99,placed,INR
ord_000296,cust_00211,2026-08-11,8239.99,placed,INR
ord_000297,cust_00149,2026-08-11,2319.50,placed,INR
ord_000439,cust_00042,2026-08-11,9347.50,placed,INR
ord_000750,cust_00198,2026-08-11,2055.99,placed,INR
ord_000797,cust_00219,2026-08-11,1601.99,placed,INR
ord_000828,cust_00194,2026-08-11,4266.99,placed,INR
ord_000865,cust_00140,2026-08-11,5746.50,placed,INR
ord_000868,cust_00241,2026-08-11,497.00,placed,INR
ord_000970,cust_00098,2026-08-11,4650.50,placed,INR
ord_000986,cust_00123,2026-08-11,9566.50,placed,INR
ord_000057,cust_00031,2026-08-12,66269.00,placed,INR
ord_000082,cust_00078,2026-08-12,5030.00,placed,INR
ord_000112,cust_00249,2026-08-12,1191.00,placed,INR
ord_000165,cust_00101,2026-08-12,861.00,placed,INR
ord_000225,cust_00195,2026-08-12,1402.00,placed,INR
ord_000261,cust_00215,2026-08-12,1795.99,placed,INR
ord_000469,cust_00130,2026-08-12,2035.00,placed,INR
ord_000581,cust_00008,2026-08-12,2238.99,placed,INR
ord_000603,cust_00007,2026-08-12,837.00,placed,INR
ord_000671,cust_00245,2026-08-12,14374.00,placed,INR
ord_000715,cust_00037,2026-08-12,1318.00,placed,INR
ord_000748,cust_00155,2026-08-12,6268.99,placed,INR
ord_000760,cust_00188,2026-08-12,1844.00,placed,INR
ord_000762,cust_00161,2026-08-12,3003.00,placed,INR
ord_000794,cust_00030,2026-08-12,336.00,placed,INR
ord_000800,cust_00174,2026-08-12,3679.99,placed,INR
ord_000801,cust_00058,2026-08-12,65160.00,placed,INR
ord_000916,cust_00153,2026-08-12,42957.00,placed,INR
ord_000931,cust_00097,2026-08-12,1236.50,placed,INR
ord_000954,cust_00106,2026-08-12,7011.50,placed,INR
ord_000022,cust_00211,2026-08-13,1779.00,placed,INR
ord_000034,cust_00205,2026-08-13,9021.50,placed,INR
ord_000126,cust_00245,2026-08-13,6267.00,placed,INR
ord_000139,cust_00126,2026-08-13,2314.00,placed,INR
ord_000310,cust_00202,2026-08-13,78693.00,placed,INR
ord_000365,cust_00170,2026-08-13,26997.00,placed,INR
ord_000371,cust_00048,2026-08-13,700.99,placed,INR
ord_000382,cust_00065,2026-08-13,435896.00,placed,INR
ord_000418,cust_00022,2026-08-13,2079.98,placed,INR
ord_000429,cust_00172,2026-08-13,560.00,placed,INR
ord_000438,cust_00043,2026-08-13,677.00,placed,INR
ord_000444,cust_00097,2026-08-13,6339.50,placed,INR
ord_000475,cust_00192,2026-08-13,2006.00,placed,INR
ord_000532,cust_00160,2026-08-13,2420.00,placed,INR
ord_000587,cust_00198,2026-08-13,4858.00,placed,INR
ord_000637,cust_00132,2026-08-13,4591.50,placed,INR
ord_000676,cust_00085,2026-08-13,7366.99,placed,INR
ord_000690,cust_00101,2026-08-13,983.99,placed,INR
ord_000700,cust_00063,2026-08-13,990.50,placed,INR
ord_000806,cust_00045,2026-08-13,2084.00,placed,INR
ord_000855,cust_00185,2026-08-13,7331.00,placed,INR
ord_000859,cust_00109,2026-08-13,431.00,placed,INR
ord_000900,cust_00043,2026-08-13,1609.00,placed,INR
ord_000934,cust_00016,2026-08-13,47644.50,placed,INR
ord_000950,cust_00067,2026-08-13,1508.50,placed,INR
ord_000987,cust_00226,2026-08-13,9949.00,placed,INR
ord_000019,cust_00090,2026-08-14,12001.50,placed,INR
ord_000021,cust_00171,2026-08-14,1467.99,placed,INR
ord_000094,cust_00084,2026-08-14,434.00,placed,INR
ord_000212,cust_00082,2026-08-14,34490.00,placed,INR
ord_000243,cust_00070,2026-08-14,1359.00,placed,INR
ord_000340,cust_00144,2026-08-14,12788.00,placed,INR
ord_000398,cust_00126,2026-08-14,873.99,placed,INR
ord_000514,cust_00190,2026-08-14,271.99,placed,INR
ord_000522,cust_00108,2026-08-14,12376.99,placed,INR
ord_000572,cust_00136,2026-08-14,4011.00,placed,INR
ord_000635,cust_00129,2026-08-14,12790.50,placed,INR
ord_000686,cust_00029,2026-08-14,12141.99,placed,INR
ord_000730,cust_00110,2026-08-14,3609.50,placed,INR
ord_000793,cust_00157,2026-08-14,6444.00,placed,INR
ord_000948,cust_00048,2026-08-14,2143.00,placed,INR
